935,Colorado Shari Highway,Delicate Base
672,Ohio Hunter Junctions,Noisy Mountain
818,Kansas Stevens Pass,White Sky
177,Kentucky Wilson Wall,Odd Dream
941,Wyoming Carlos Pines,Rough Violet
667,Arkansas Johnny Mall,Lively Star
436,Massachusetts Diaz Passage,Wispy Tree
421,New Mexico Russell Terrace,Quiet Scene
83,Connecticut Huff Shore,Twilight Wildflower
949,Tennessee Nicholas Common,Broad Fire
286,New York Lewis Causeway,Cold Forest
50,New York Castillo Island,Cold Lake
982,Louisiana Allison Isle,Silent Lake
565,Nebraska Craig Gardens,Proud Wildflower
577,Massachusetts Reyes Freeway,Purple Dream
239,Nebraska Haley Common,Billowing Shadow
896,Hawaii Brenda Prairie,White Limit
711,Alaska Gardner Stravenue,Quiet Paper
592,Tennessee Webster Lock,Aged Sunset
167,Rhode Island Reyes Island,Mute Salad
266,Indiana Kevin Ferry,Still Snow
417,Arizona Gabrielle Crescent,Broken Lab
285,Connecticut Baxter Fords,Twilight Flower
23,South Carolina Guzman Isle,Cool River
5,New York Bennett Isle,Shy Snowflake
662,Colorado Winters Views,Old River
283,Pennsylvania Zuniga Village,Lingering Rice
468,Hawaii Clarke Rest,Lingering Pine
811,Minnesota Hatfield Centers,Cold Heart
326,Mississippi Harris Keys,Damp Truth
378,Virginia Jessica Pike,Fragrant Cloud
707,South Dakota Cooper Turnpike,Round Block
356,Arizona Adrienne Stream,Bitter Rain
556,Mississippi Strickland Center,Wandering Sunset
738,Iowa Eric Green,Black Heart
926,Louisiana Mark Course,Still Dream
937,Mississippi Jennifer Club,Broad Night
58,Pennsylvania Ashley Motorway,Red Violet
398,Kansas Valencia Cliff,Falling Grass
885,South Dakota Daniel Ridges,Young Cake
757,Oklahoma Turner Stream,Muddy Darkness
76,South Carolina Palmer Summit,Shiny Dream
917,Iowa Bentley Run,Ancient Recipe
28,Alaska Tony Cliff,Square Haze
324,Missouri Lopez Causeway,Plain Bread
962,Virginia Hale Flats,Snowy Hill
155,Mississippi Bradley Extension,Tight Lake
394,Iowa Davis Meadow,Red Mouse
687,South Dakota Garcia Ford,Wandering Butterfly
70,New Jersey Lyons Lake,Black Sunset
341,Michigan Scott Rapid,Jolly Poetry
597,Iowa Peterson Fords,Spring Firefly
495,Arizona Franklin Meadows,Throbbing Moon
800,Arizona Rosales Loop,Holy Recipe
990,Idaho Amanda Dam,Green Wildflower
571,North Carolina Kevin Pike,Plain Math
504,New York Price Ways,Black Resonance
30,Missouri Charles Junctions,White Voice
202,South Carolina Christopher Heights,Shy Paper
458,Georgia Kelley Ramp,Black Star
393,Minnesota Joseph Street,Cool Hat
878,Maine Kim Inlet,Crimson Butterfly
918,New Jersey Tucker Inlet,Orange Truth
336,Indiana Kevin Way,Restless Waterfall
724,Minnesota Eric Camp,Summer Dew
904,Rhode Island Bell Lodge,Shy Night
491,South Carolina Andrew Way,Morning Block
488,Maine Rachel Drive,Small Thunder
165,North Dakota Elliott Path,Cold Breeze
282,Hawaii Lopez Trail,Floral Cell
563,Alabama James Crossing,Dry Tree
217,North Carolina Devin Union,Mute Hill
931,New Hampshire Mcclure Gateway,Sweet Union
303,Colorado Thomas Villages,Small Field
604,Tennessee Daniel Points,Icy Glitter
73,New Mexico Padilla Fort,Snowy Meadow
833,Kansas Heath Rapids,Falling Bird
322,Iowa Black Orchard,Sparkling Cake
305,North Carolina Stein Path,Curly Violet
423,Utah Lynn Station,Green Term
948,Washington Tucker Plain,Shrill Poetry
697,North Dakota Crystal Forks,Super Pine
557,Pennsylvania Kelly Well,Gentle Tooth
205,Utah Jeanne Island,Long Queen
674,Montana Lewis Port,Patient Grass
443,Massachusetts Joshua Canyon,Shiny Darkness
851,Virginia Shawn Loop,Frosty Base
412,Pennsylvania Wood Estates,Little Cake
483,Delaware Randy Way,Royal Sun
85,Texas Mitchell Ports,Nameless Math
325,New York Salas Island,Noisy Tree
567,Oregon Chambers Hill,Royal Darkness
293,Indiana Timothy Falls,Rough Bonus
358,Vermont Durham Fields,Polished Sun
493,North Carolina Briggs Mountain,Small Art
943,Arkansas Tucker Burg,Blue Salad
327,Alaska Robertson Park,Cool Glitter
825,Arizona Perez Street,Fancy Surf
513,Alaska Jeremiah Centers,Falling Dust
22,Nebraska White Avenue,Blue Morning
579,Utah Johnson Alley,Square Butterfly
895,Michigan Martinez Run,Frosty Silence
725,California Cooper Forest,Soft Thunder
524,California Cameron Orchard,Cool River
45,Arizona Jennifer Manor,Shrill Tree
248,Massachusetts Tammie Divide,Long Hall
813,Oklahoma Caleb Divide,Purple Shadow
230,Wisconsin Allison Ways,Nameless Wave
635,Indiana Lauren Loaf,Dawn Glitter
502,New Mexico Bridges Cove,Falling Frog
329,Washington Nathan Dam,Noisy Firefly
475,Mississippi Steven Circle,Wild Grass
262,Oklahoma Morrison Port,Still Salad
362,Indiana Cardenas Springs,Crimson Dew
960,New Mexico Tran Station,Tight Tree
834,New York Anderson Shoal,Small Water
162,South Carolina Peggy Field,Mute Feather
649,North Carolina Hess Meadow,Small Wood
837,Colorado Yvonne Parkway,Summer Morning
696,Massachusetts Smith Turnpike,Rough Bush
40,North Carolina Haney Cliffs,Aged Credit
745,Oklahoma Jessica Field,Small Frog
489,Rhode Island Smith Pass,Lively Thunder
280,Georgia Christopher Mills,Cool Base
985,New Jersey Theresa Wells,Dry Breeze
392,Delaware Heather Plains,Square Lab
148,Oklahoma Miller Creek,Morning Wildflower
828,Hawaii Smith Ramp,Divine Sky
624,Wisconsin Pittman Greens,Solitary Tooth
755,Georgia Christian Cliff,Raspy Lab
108,Pennsylvania Daniel Streets,Snowy Credit
49,Kentucky Ronnie Corners,Rapid Feather
551,Indiana Trevor Track,Polished Glitter
655,Minnesota Ann Radial,Holy Lab
277,Arkansas Jennifer Burg,Wandering Dew
721,Maryland Daniel Flat,Divine Snowflake
991,Wisconsin Leon Mill,Plain Meadow
487,Kentucky Silva Bypass,Damp Mountain
537,New Jersey Brenda Radial,White Bar
520,Kentucky Farley Shores,Spring Voice
814,Texas Christopher Heights,Weathered Meadow
201,Wisconsin Tommy Circles,Autumn Hall
86,Georgia Edwards Estate,Black Field
659,Nevada Christopher Fords,Divine Bird
220,Louisiana Cooper Shoals,Crimson Pond
891,Colorado Roberta Wall,Rapid Grass
231,Colorado Morales Center,Square Grass
269,Maryland Carpenter Light,Round Smoke
247,New Hampshire Heath Radial,Solitary Dream
191,Maryland Bailey Inlet,Holy Hat
246,Mississippi Taylor Pike,Dark River
258,Rhode Island Preston Ridges,Blue Mud
206,Pennsylvania Marquez Street,Lingering Violet
629,South Dakota Stephen Forest,Morning Scene
859,Connecticut Gail Mount,Dry Bird
42,Hawaii Lopez Inlet,Square Salad
408,Minnesota Christopher Harbor,Round Butterfly
127,Washington Amber Port,Empty Dawn
793,Louisiana David Mountain,Muddy Dust
554,Mississippi Julie Hill,Damp Silence
791,Indiana Annette Ports,Bitter Base
546,Wisconsin Denise Gateway,Yellow Water
215,Oregon Watson Prairie,Red Brook
678,Wyoming Gibson Center,Bitter Firefly
453,Pennsylvania Allison Mountains,Billowing Dew
665,Florida Roberta Square,Broken Voice
467,Oregon Devin Path,Dawn Forest
648,Tennessee Chandler Garden,Winter Sky
560,Missouri William Bridge,Misty Lab
176,Pennsylvania Zachary Lodge,Wandering Shadow
838,Delaware Valerie Cliff,Yellow Limit
850,Delaware Burns Crescent,Cold Meadow
986,Missouri Alexis Glen,Winter Rain
216,Oregon Victoria Parkway,Ancient Credit
431,Wyoming Patel Plaza,Dark Heart
8,Ohio Sherri Junctions,Wild Butterfly
460,Nevada Michelle Landing,Calm Glitter
801,Wyoming Horton Tunnel,Misty Scene
737,New Mexico Osborn Manors,Falling Limit
806,New Jersey Glover Cliff,Wild Bush
903,Vermont Elizabeth Road,Green Wildflower
946,South Carolina Cortez Estates,Purple Tooth
996,Kentucky Rodriguez Alley,Nameless Glitter
601,Ohio Stephanie Prairie,Floral Truth
214,Kansas Martinez Ways,Jolly Sun
442,Iowa Pitts Knoll,Mute Haze
529,Nevada Wallace Burg,Noisy Lab
505,Louisiana Marc Mall,Odd Salad
511,Idaho Wolf Mount,Black Cloud
118,Alaska Lauren Path,Little Salad
472,Wisconsin Kathleen Branch,Shrill Flower
512,New York Jacobson Keys,Black Thunder
114,Massachusetts Sanders Glen,Rapid Base
480,New Jersey Paul Curve,Blue Firefly
404,Kansas Troy Way,Autumn Haze
596,Maryland Martin Turnpike,Weathered Leaf
145,Montana Kelley Burgs,Proud Violet
906,Minnesota Austin Inlet,Icy Lab
479,Oklahoma Cook Walks,Yellow Sunset
670,Oklahoma Jay Shores,Throbbing Butterfly
401,Wyoming Bryan Parks,Raspy Morning
199,New Hampshire Leah Loop,Billowing Tree
194,Oklahoma Tara Mountains,Aged Dawn
787,Maine Hansen Track,Black Surf
292,Rhode Island Ashley Track,Young Frog
539,New Mexico Evans Crest,Throbbing Voice
925,Kansas Cohen Road,Spring Poetry
357,Tennessee Horton Crossing,Orange Queen
714,Rhode Island Matthew Mill,Icy Sky
244,Mississippi Blackburn Center,Old Leaf
116,West Virginia Jeffrey Mountains,Patient Sky
514,New Jersey Nichole Islands,Nameless Bread
942,Alabama Adriana Ville,Cold Heart
454,Wisconsin Smith Curve,Still Leaf
936,South Dakota Barton Brooks,Rough Glade
638,Georgia Jean Via,Nameless Shadow
636,Utah Felicia Branch,Orange Lab
555,Minnesota Henry Shores,Purple Wildflower
822,New Mexico Emily Streets,Rapid Moon
17,Ohio Rachel Haven,Long Surf
717,Delaware Patterson Highway,Yellow King
360,Nevada Rivera Lights,Noisy Dawn
288,California Gill Corner,Cool Sea
390,Nebraska Martinez Cape,Silent Field
492,New Mexico Scott Mills,Autumn Water
507,Wyoming Martin Crest,Purple Frog
369,Alabama Bentley Canyon,Spring Snowflake
753,Rhode Island Steven Cove,Morning Morning
347,Hawaii Julie Rapid,Patient Sun
228,Nevada Jordan Plain,Summer Field
317,Arkansas Christina Path,Late Morning
953,Alabama Stevens Hills,Throbbing Wave
663,California Jermaine Glens,Bold Pond
691,Nebraska Pamela Ford,Red Union
351,Idaho Jacqueline Village,Lucky Mode
153,Alaska Lisa Neck,Billowing Sound
945,Missouri Michelle Cape,Royal Block
976,Wyoming Anthony Route,Quiet Tooth
873,South Carolina Thompson Shoals,Calm King
590,Wyoming Hensley Run,Solitary Leaf
225,Arkansas Julie Via,Red Snow
184,Virginia Stephanie Gateway,Lucky Silence
237,Maryland Ricardo Gateway,Square Disk
67,Washington Hernandez Freeway,Empty Snowflake
106,Mississippi Herring Turnpike,Quiet Fog
847,Tennessee Stephen Rapids,Yellow Glitter
363,Oregon Wright Highway,Fancy Bread
187,South Carolina Taylor Views,Patient King
532,North Carolina Green Brooks,Mute Moon
974,Maine Sara Land,Withered Art
14,Indiana Christina Inlet,Fancy Wood
65,Missouri Jared Wells,Black Lab
856,Texas Terry Corner,Shrill Breeze
675,Alaska Ashley Camp,Withered Disk
462,Alabama Stevenson Courts,Cool Mountain
425,Washington Zhang Forge,Yellow Sun
312,California Lewis Prairie,Muddy Heart
669,Nebraska Cole Skyway,Shy Sea
319,Louisiana Joseph Mountains,Young Wildflower
609,Mississippi Russell Drive,Tight Waterfall
125,Mississippi Mckee Path,Black Glade
74,Iowa Harmon Forks,Steep Bird
210,Connecticut Gibson Lane,Rough Brook
156,Illinois Lawrence Squares,Winter Tooth
940,Oregon Brown Forks,Calm Unit
751,Florida Smith Points,Young Sun
61,Virginia Stacey Route,Royal Tree
618,Massachusetts Williams Squares,Little Heart
185,Montana Green Islands,Wandering Block
31,Idaho Tyler Cove,Twilight Feather
950,Colorado Kimberly Corner,Weathered Salad
776,Vermont William Road,Lucky Bar
692,New Hampshire Jessica Club,Restless Leaf
141,North Dakota Tyler Tunnel,Super Sun
522,Pennsylvania Davis Hollow,Rapid Tooth
376,North Carolina Michael Meadows,Rough Tooth
499,Connecticut Teresa Mission,Blue Star
849,North Carolina Hughes Islands,Shrill Lake
426,Arizona Joseph Land,Shrill Cloud
746,Georgia Wolf Harbors,Floral Mud
109,Alabama Sanchez Island,Bitter Dream
510,Rhode Island Julia Manor,Broad Dream
353,Iowa Parker Parkway,Odd Surf
702,Wisconsin Hines Gateway,Polished Bush
584,Vermont Bass Drives,Small Lake
310,Florida Bailey Mill,Wandering Bar
632,South Dakota Patricia Gateway,Spring Wind
346,New York Mclaughlin Flats,Wild Recipe
914,Illinois Brian Roads,Summer Glitter
574,Arizona Audrey Wells,Round Flower
338,Virginia Gonzalez Turnpike,Gentle Water
615,Montana Andrea Inlet,Shy Morning
289,Nebraska Schaefer Wall,Floral Thunder
875,Texas Burke Mall,Wild Credit
660,Florida Laura Parkways,Long Poetry
314,New Hampshire Kevin Fords,Wandering Pond
536,South Dakota Michael Freeway,Young Moon
150,New York Joyce Pines,Empty River
848,Connecticut Ramirez Light,Floral Cell
768,Arkansas Arias Shore,Bold Silence
855,South Carolina White Cliffs,Quiet Forest
794,New Hampshire Weber Squares,Cool Smoke
405,Maryland William Trail,Odd Dawn
809,Tennessee Tyler Course,Plain Poetry
718,North Dakota Rivera Circles,Round Poetry
611,South Dakota Massey Well,Delicate Poetry
578,North Carolina Frederick Estates,Throbbing Block
135,Indiana Maria Corners,Odd Snowflake
48,Maryland Dickson Curve,Broken Flower
93,Illinois Weaver Drive,Cool Snow
728,Vermont Anthony Club,Green Pine
196,Massachusetts Castillo Wells,Wild Pond
874,Idaho Mark Gateway,Twilight Hill
965,Idaho Rodriguez Cliff,Steep Cake
775,Oregon Jeff Squares,Bitter Limit
736,Montana Hartman Alley,Frosty Voice
954,Pennsylvania Karen Inlet,Aged Surf
437,Minnesota Miller Isle,Withered Frost
958,Illinois Nguyen Islands,White Frog
503,Maine Murray Plains,Tight River
872,Illinois Figueroa Roads,Broken Paper
308,Maine Rodney Overpass,Patient Fire
133,Texas Jones Road,Quiet Band
944,Rhode Island Michele Inlet,Summer Resonance
52,Rhode Island Veronica Street,Damp Star
572,Indiana Jerry Stream,Twilight Bird
39,Alaska Becker Plaza,Jolly Wood
81,Maryland Caitlin Crescent,Gentle Frog
445,Minnesota Gonzalez Estate,Cool Sun
530,New Mexico Ashley Garden,Bitter Credit
845,Idaho Nguyen Burgs,Blue Salad
18,North Carolina Leah Common,Billowing Cloud
44,Nebraska Barajas Light,Misty Sky
844,California Alvarez Skyway,Cool Dust
11,Idaho Graham Union,Plain Bar
316,Montana Knapp Pike,Withered Bonus
576,Texas Jennifer Key,Divine Frost
973,Delaware Erica Courts,Royal Sea
620,Maine Jessica Rest,Wandering King
490,Nevada Wendy Heights,Polished Wildflower
807,New York Charles Extensions,Muddy Cloud
568,Nevada Alex Island,Broken Thunder
795,North Dakota Hayley Mall,Noisy Water
256,Massachusetts Jason Hills,Noisy Disk
789,Georgia Thomas Center,Fragrant Boat
750,Oklahoma Hunt Lake,Steep Dust
861,Alabama Hamilton Mill,Lingering Mud
13,North Carolina Deborah Valleys,Snowy Hat
923,Montana Mary Shore,Rapid Union
348,Tennessee Jaime Ways,Raspy Forest
647,Rhode Island Briggs Well,Spring Glade
826,Missouri Duran Cliff,Divine Truth
743,Wisconsin John Villages,Aged Bird
575,Kansas Garrison Rapid,Quiet Hat
227,California Meyer Glen,Lively Cell
508,Missouri Steven Islands,Delicate Math
671,Minnesota House Mill,Long Snowflake
599,California Amy Pike,Shrill Waterfall
154,Minnesota Lisa Stream,Cold Sunset
429,Kansas Campbell Roads,Billowing Glitter
339,Montana Patrick Parkway,Long Block
723,Mississippi Rita Lights,Empty Mud
646,Oregon Rodney Fort,Sweet Sun
80,Massachusetts Flores Isle,Restless Mud
59,Michigan Nicole Viaduct,Damp Mouse
640,Minnesota Christian Plaza,Cool Term
120,Wisconsin Dean Oval,Weathered Field
377,North Dakota Becky Roads,Gentle Darkness
987,Hawaii Davis Shore,Billowing Tooth
75,Florida Tamara Shoals,Shy Hat
179,West Virginia Hines Point,Lucky Wildflower
591,Kansas Taylor Stream,Purple Glade
104,Delaware Walls Forks,Odd Mountain
54,Montana Santos Bridge,Divine Glade
742,Rhode Island Davidson Shoal,Odd Shadow
115,New Hampshire Pamela Drives,Round Lab
372,Georgia Sara Flat,Plain Breeze
439,Ohio Taylor Plains,Gentle Paper
235,Nevada Brian Garden,Bitter Bread
20,Missouri Fernandez Place,Plain Hill
15,Louisiana Anderson Pine,Fancy Sky
473,Connecticut Nelson Villages,Snowy Hill
463,Wisconsin Kathy Drive,Spring River
842,New Mexico George Plaza,Delicate Mode
516,Delaware Amy Via,Sweet Sun
759,Utah Perkins Heights,Wandering Haze
498,Connecticut Johnson Corners,Weathered Cherry
899,Washington Andrew Stravenue,Restless Bush
977,Nebraska Juarez Greens,Delicate Sky
99,North Carolina Gardner Canyon,Tiny River
157,Rhode Island Perry Fork,Patient Cell
332,Wisconsin Kristopher Pine,Winter Lab
175,Arizona Henderson Mission,Misty Cloud
860,Hawaii Cynthia Flat,Gentle Paper
548,Kentucky Watson Falls,Snowy Boat
643,New Mexico Trevor Summit,Rough Pine
365,Rhode Island Melissa Manors,Shiny Firefly
900,Connecticut Dana Springs,Divine Feather
933,Georgia Donald Island,Dark Cherry
307,Arkansas Sanchez Loaf,Jolly Frog
610,West Virginia Taylor Crossing,Yellow Wood
112,New Jersey Bryant Crossroad,Cold Union
988,Maine Diaz Gateway,Fancy Frog
892,Nevada Nicole Crossing,Jolly Bread
619,Missouri Martinez Junctions,Black Sun
151,Maryland Rowe Ramp,Cool Tree
888,Wyoming James River,Fragrant Sky
9,Kentucky Clark Divide,Hidden Unit
778,Indiana Clinton Radial,Lively Lab
989,Florida Stephanie Lodge,Summer Unit
566,Kentucky Erica Pines,Solitary Thunder
690,Delaware Gonzalez Pines,Winter Voice
166,Nebraska Pearson Park,Late Wildflower
868,Hawaii Anthony Courts,Divine Mode
562,Tennessee Arthur River,Wispy Boat
287,Florida Gross Neck,Muddy Heart
451,Hawaii Jones Extensions,Red Tree
525,Pennsylvania David Rapids,Flat Sun
983,Wisconsin Mark Spur,Cold Boat
391,Missouri Li Harbor,Mute Lake
275,Georgia Trevino Rapid,Calm Wildflower
223,Kentucky Williamson Viaduct,Tight Morning
657,Wisconsin Cooley Fort,Black Disk
242,Connecticut Sawyer Stravenue,Steep Pond
119,Florida Raymond Crest,Little Poetry
831,West Virginia Stephanie Park,Twilight Dream
47,Iowa Barton Flats,Snowy Lab
163,New York Martinez Drive,Fancy Brook
432,New York Valdez Bridge,Weathered Art
785,Ohio Mark Coves,Dark Firefly
863,Oregon Robert Hill,Late Dew
103,Louisiana Lisa Ways,Long Breeze
486,South Carolina Daniel Lane,Snowy Hat
364,Alaska Jeffrey Well,Falling Pond
749,Kansas Edwards Square,Solitary Term
864,Oregon Wells Springs,Green Paper
182,Maine Moreno Extensions,White Bread
909,Maryland Michael Estate,Holy Shape
368,Connecticut Carroll Club,Silent Wave
580,New Jersey Reynolds Forest,Young Hill
500,Missouri Gutierrez Alley,Shy Snowflake
866,Montana Bradley Circles,Billowing Water
352,South Carolina Hannah Common,Bitter Wood
88,Rhode Island Callahan Bypass,Lively Dew
781,Connecticut Johnson Isle,Twilight Boat
208,Massachusetts Christopher Plains,Rapid River
19,South Dakota Rose Camp,Red Base
715,Wyoming Roy Cape,Mute Poetry
397,Tennessee Jorge Lane,Sweet Snow
465,Illinois Stout Path,Silent Silence
355,Illinois Hunter Wells,Morning Hill
766,Arkansas Elizabeth Fords,Long Queen
650,New Mexico Higgins Valleys,Square Mode
122,Delaware Lisa Divide,Fancy Paper
570,Alabama John Station,Square Limit
796,Virginia Perry Street,Dawn Bird
726,Idaho William Hill,Gentle Bush
343,Kentucky Samantha Common,Gentle River
174,New York Suzanne Knoll,Bitter Limit
130,New Hampshire Gillespie Club,Red Scene
374,Missouri Laurie Estate,Broken Mode
824,New Hampshire Houston Extensions,Nameless Breeze
370,Maine Holmes Inlet,Gentle Morning
26,Vermont Brown Station,Sweet Star
3,Arizona Sullivan Extensions,Jolly Heart
616,Virginia Richard Cape,Mute Brook
886,Wisconsin Vanessa Roads,Hidden Sun
94,Georgia Jennifer Road,Red Sun
384,Nevada Michael Ferry,Weathered Frost
897,New York Galloway Trail,Raspy Boat
78,New York Dickerson Keys,Royal Sound
25,West Virginia Caldwell Village,Old Surf
371,California Newton Brooks,Gentle Glitter
967,South Dakota Miller Burg,Steep Pine
999,Kansas Vanessa Island,Long Bread
843,Massachusetts Rose Lane,Cold Hall
761,Utah Mckinney Haven,Fragrant Dust
209,California Hart Crest,Cool Wood
829,Florida Walter Hills,Fragrant Mouse
664,Ohio Mathew Harbors,Sparkling Voice
820,Iowa Cline Shore,Snowy Flower
559,Nevada James Union,White Bird
406,Massachusetts Harper Shoal,Aged Rain
192,Hawaii William Course,Fancy Cloud
181,New Mexico Smith Lights,Frosty Butterfly
915,Delaware Michael Centers,Noisy Recipe
306,North Dakota John Hill,Throbbing Frog
540,Rhode Island Meyers Drives,Jolly Bush
788,Ohio Trujillo Land,Blue Limit
424,Utah George Summit,Billowing Dust
689,Idaho Martinez Viaduct,Dawn Lab
207,Connecticut Christopher Motorway,Gentle Scene
367,West Virginia Jackson Tunnel,Wispy Dream
637,Virginia Rosales Greens,Quiet Disk
921,South Carolina Arroyo Village,Orange Morning
534,Minnesota Joshua Motorway,Steep Star
143,Arizona Fox Island,Dawn Rain
497,Alabama Elizabeth Cliff,Still Scene
772,Wisconsin Debra Overpass,Solitary Dew
272,Connecticut Avila Points,Shiny Cake
710,Missouri Brian Place,Little Haze
477,Illinois Jacob Drive,Wild Brook
389,Minnesota Laura Unions,Red Haze
260,Georgia Matthew Pine,Fragrant Heart
315,Alaska Melissa Passage,Broken Frog
654,Tennessee Michelle Street,Falling Bush
603,South Dakota Gregory Shoals,Round Art
33,Missouri Jose Path,Aged King
613,Massachusetts Mitchell Brooks,Soft Haze
124,Illinois Rodriguez Key,Wild Term
682,Indiana Chan Plaza,Broken Wildflower
661,Wisconsin Jason Throughway,Shiny Frog
894,Alaska Smith Wells,Lively Unit
782,New Mexico Brown Passage,Snowy Sun
252,Kansas James Bypass,Billowing Water
912,Nebraska Lara Plains,Throbbing Bush
450,Oklahoma Scott Terrace,Square Lab
797,Missouri Patrick Radial,Small Grass
509,Alaska William Corner,Rapid King
172,Kentucky Bridget Lock,Noisy Night
816,Montana White Hills,Mute Pine
836,Georgia Virginia Brook,Proud Night
810,Louisiana Katrina Center,Dry Butterfly
413,Illinois Bradley Terrace,Patient Dream
32,Montana Jason Greens,Royal Hat
149,West Virginia Kelly Brook,Throbbing Salad
6,Tennessee Mark Burgs,Long Sea
686,Indiana Mary Field,Aged Cloud
963,Alaska Sanchez Harbor,Silent Salad
734,California Davis Bypass,Still Poetry
53,North Carolina Best Centers,Calm Violet
756,Delaware Lee Run,Young Art
349,New Mexico Thomas Hill,Wispy Forest
229,Maine Hayes Haven,Summer Darkness
236,California Levi Mount,Nameless Flower
328,Florida Alexis Falls,Broken Rice
709,Idaho Christina Mission,Lively Shadow
342,Utah Jimmy Ramp,Icy Scene
515,New Hampshire Crystal Knoll,Proud Flower
55,Wyoming Johnson Circle,Misty Darkness
823,New Mexico Bridges Green,Black Pine
581,Texas Melissa Course,Aged Band
29,Delaware Johnson Junction,Weathered Bonus
676,Illinois Larry Grove,Rough Shadow
331,Oregon James Falls,Falling Term
69,Oregon Howell View,Lingering Poetry
274,New Jersey John Camp,Broken Band
98,Massachusetts Schmidt Spurs,Rough Pine
803,Maine Christopher Springs,Dawn Fog
799,North Dakota Butler Lake,Dawn Base
927,Maryland Shaffer Street,Jolly Block
774,Kansas Petersen Rue,Green Tooth
835,Idaho Patricia Forks,Soft Wave
455,West Virginia Michael Bypass,Fragrant Dawn
720,Arizona Campbell Streets,Odd Snow
474,Massachusetts Laura Courts,Orange Shadow
668,California Ashley Curve,Crimson Limit
140,Alabama David Vista,Falling King
250,Mississippi Washington Parkway,Purple Sun
547,West Virginia Miller Pines,Damp Silence
200,Arkansas Carey Key,Broad Limit
224,Michigan Julie Cliffs,Divine Bush
469,Missouri Trevor Isle,Falling Sea
972,Alaska Zachary Rapids,Silent Forest
980,Mississippi Maria Spring,Delicate Voice
164,Maryland Janet Mount,Long Bush
399,Illinois Christian Heights,Muddy Darkness
771,Florida Renee Mountains,Empty Band
63,Utah Jorge Island,Cold Leaf
681,Idaho King Corner,Cool Bread
765,Alaska Flores Mission,Floral Lab
226,South Dakota Pineda Flats,Dark Art
543,North Dakota Shannon Spurs,Autumn Block
735,North Dakota Collier Trace,Empty Art
147,Oregon Hartman Estates,Broken Glade
964,Maine Jones Isle,Plain Water
267,Wisconsin Graham Keys,Damp Glade
101,New York Herbert Harbors,Raspy Darkness
79,Minnesota James Rapid,Curly Cherry
919,Illinois Craig Overpass,Black Snow
92,Maryland Edwards Route,Hidden Night
251,Arizona Krista Neck,Proud Block
309,Alabama Eric Wall,Cold Hat
993,Montana Daniel Key,Solitary Dust
380,Oklahoma Bond Road,Little Brook
24,South Carolina Parsons Fields,Little Shadow
998,Virginia Matthew Forge,Snowy Haze
802,Kansas Emily Canyon,Solitary Flower
71,Iowa Welch Island,Tight Resonance
102,Mississippi William Fords,Delicate Limit
381,North Carolina Thomas Motorway,Dry Base
203,Idaho Bartlett Junction,Old Art
952,Hawaii Brown Glen,Divine Recipe
625,Kentucky Smith Trail,Dark Heart
279,Kentucky West Field,Fancy Moon
259,Montana Vazquez Manor,Wandering Shadow
240,Kentucky Daniel Summit,Shiny Star
700,New Hampshire Anne Streets,Shiny Term
934,West Virginia Jennifer Ports,Morning Paper
234,Utah Zuniga Street,Holy Fog
879,Wisconsin Sandra Way,Falling Truth
46,Pennsylvania Gonzales Inlet,Summer River
538,Alaska Thomas Fork,Dawn Disk
375,Oregon Oliver Isle,Soft Sound
340,Wyoming Guzman Common,Green Recipe
704,Vermont Tracy Tunnel,Jolly Violet
494,Oklahoma Perkins Fall,Rough Frost
311,New Jersey Freeman Viaduct,Raspy Butterfly
605,Maine Ball Fort,Sparkling Rice
882,Vermont Thomas Spurs,Odd Mountain
383,Alaska Mcgee Mountains,Square Voice
857,Utah Ann Land,Autumn Thunder
727,South Carolina Christopher Lane,Icy Snowflake
608,Missouri Heather Turnpike,Gentle Hall
302,Ohio Ward Rapid,Misty Salad
95,New Hampshire Joel Glens,Orange Feather
457,New Hampshire Russell Mill,Weathered Field
466,Maryland Clay Mission,Weathered Bread
91,Colorado Coffey Corners,Yellow Mud
152,South Carolina Lisa Ford,Lingering Flower
333,New Mexico Smith Via,Winter Unit
531,Hawaii Moyer Harbors,Solitary Wildflower
198,Pennsylvania Francis Route,Twilight Union
159,Pennsylvania Hardy Court,Broad Paper
979,Hawaii Marshall Mountain,Little Breeze
373,Missouri Lambert Corner,Shy Bread
582,Louisiana Todd Center,Red Firefly
706,Nevada Allen Crossing,Floral Mouse
617,Maryland Turner Bridge,Jolly Violet
583,Montana Amy Estates,Broad Art
170,Missouri Rojas Via,Snowy Bush
134,South Dakota Timothy Extension,Shiny Sky
449,Virginia Caitlin Lane,Square Meadow
815,Wyoming Amanda Walk,Falling King
7,Tennessee Dawn Track,Long Sound
642,Mississippi James Divide,Jolly Firefly
812,Nebraska Alex Glen,Hidden Term
276,Delaware Vargas Ranch,Winter Band
641,Missouri April Lakes,Solitary Poetry
832,Indiana Patricia Groves,Gentle Bonus
819,Virginia Foster Passage,Solitary Forest
924,Texas Thompson Rest,Steep Frost
542,Maryland Brooks Crest,Weathered Feather
621,Wyoming Joshua Land,Blue Wind
930,Mississippi Cruz Dam,Flat Dream
992,Alaska John Spring,Soft Water
561,Kentucky Daniel Valleys,Proud Math
278,New York Fry Square,Polished Wildflower
295,New York Jody Forges,Rapid Star
854,Pennsylvania Brittany Villages,Frosty Forest
712,Missouri Pittman Mission,Frosty Rain
354,Oregon Edward Place,Steep Frog
595,Iowa Erik Row,Lingering Shape
569,South Carolina Keller Ridge,Twilight Shape
517,New York Melissa Pines,Autumn Thunder
883,Minnesota Walters Course,Billowing Hat
304,Connecticut Isaiah Manors,Lucky Sunset
553,Ohio Christopher Well,Jolly Fire
852,Tennessee Justin Mountains,Empty Tooth
263,Minnesota Stephanie Field,Noisy Pond
627,Illinois Kathy Glen,Silent Feather
265,Massachusetts Foster Mills,Royal Mountain
136,Illinois Wendy View,Withered Fog
294,Virginia Long Walks,Plain Hall
158,New Hampshire Daniels Squares,Winter Grass
780,Idaho Jamie Fields,Patient Darkness
178,Oklahoma Martin Track,White Bush
219,Alaska Griffin Wells,Fancy Snowflake
427,Hawaii Howard Streets,Purple Night
189,Tennessee Dixon Gateway,Damp Snow
764,North Carolina Hardy Falls,Spring Mode
997,South Dakota Jensen Meadow,Long Mouse
518,Arizona Cory Dam,Morning Dust
470,Oklahoma Kylie Groves,Proud Cell
126,Ohio Toni Brook,Lingering Field
607,Delaware Melinda Springs,Shy Violet
929,Pennsylvania Avila Vista,Shy Flower
301,Idaho Jackson Ridges,Lucky Butterfly
96,North Dakota Dunn Crossing,Withered Rain
255,Montana April Stream,Misty Sun
526,Arkansas Chavez Mill,Bitter Waterfall
446,Illinois Stacy Groves,Snowy Night
763,Kansas Moore Tunnel,Wild Night
790,Maine Nathan Glen,Yellow Voice
839,Idaho Caldwell Key,Crimson Lab
741,Montana Aguirre Ways,Bitter Leaf
573,Florida Grant Causeway,Green Math
395,New York Samantha Unions,Black Heart
893,Nevada Jones Squares,Sweet Grass
862,Oregon Edward Junction,Plain Dream
685,Virginia Kimberly Station,Autumn Credit
916,Colorado Kelly Dam,Wild Silence
386,Maine Trevor Fords,Empty Dew
598,Alabama Lee Ridge,Small Meadow
677,Vermont Brittany Freeway,Rapid Sea
606,Louisiana Dunlap Branch,Mute Pond
34,New Mexico Paul Plaza,Misty Haze
956,New Jersey English Estate,Wispy Lake
902,Maine Daniel Garden,Empty Hat
877,Maryland Oscar Circles,Green Cloud
452,Alabama Burke Overpass,Damp Term
323,Tennessee Diaz River,Old Mode
907,Connecticut Sweeney Junction,Cool Unit
881,Delaware Young Spur,Calm Tree
296,Mississippi Hernandez Pines,Wandering Rain
804,Texas Davis Locks,Twilight Haze
121,Iowa Jessica Throughway,Throbbing Disk
183,Missouri Everett Highway,Ancient Term
113,Rhode Island Johnson Roads,Nameless Snow
297,North Dakota Jenna Drive,Small Leaf
911,Oklahoma Roman Squares,Rough King
97,Texas Todd Walk,Calm Darkness
600,Colorado Brady Courts,Blue Wind
350,Iowa Mark Place,Bitter Night
970,Missouri Carlson Viaduct,Bitter Resonance
89,Kentucky Mullins Center,Gentle Fog
623,Georgia Warren Ports,Royal Band
464,Delaware Travis Pines,Billowing Bonus
549,Nevada Madison Ranch,Wandering Math
858,Kansas Tracey Square,Still Frost
731,Iowa Martin Inlet,Dark Dust
171,Michigan Jonathan Cliffs,Quiet Mouse
898,Oregon Luis Extensions,Young Feather
100,Nebraska Turner Plaza,Shy Thunder
110,Louisiana Griffin Creek,Nameless Base
440,West Virginia Cochran Hollow,Cold Mud
461,South Carolina Adams Fort,Purple Scene
430,New Jersey Moore Walks,Nameless Thunder
680,Oklahoma Lindsay Fort,Lively Violet
558,Washington Brooke Mews,Summer Shadow
928,Alabama Anderson Square,Dry Recipe
758,North Carolina Valerie Path,Tiny Wind
146,Iowa Ware Stream,Polished Sky
345,Alabama Jose Ports,Broad Truth
589,Arizona Kimberly Wall,Lively Sea
544,Montana Wolf Inlet,Wispy Snowflake
769,Alabama Franklin Court,Twilight Thunder
760,Florida Eugene Street,Wild Smoke
186,Kentucky Cooper Roads,Hidden Queen
180,Kentucky Johnson Throughway,Flat Frost
407,Wyoming Flores Brook,Divine Cloud
419,Georgia Chandler Alley,Withered Band
139,Washington Kelsey Roads,Shrill Truth
694,Minnesota Lori Corner,Solitary Mud
111,Oklahoma Miller Trafficway,Purple Cloud
84,Wisconsin Robbins Street,Tiny Credit
708,Indiana Lawrence Fields,Wild Surf
245,California Phillips Trail,Sparkling Truth
4,Nebraska Gilmore Knolls,Sweet Feather
910,Michigan Grant Point,Restless Credit
784,Florida Pacheco Park,Late Queen
344,Washington Allen Isle,Round Boat
190,Florida Rachel Ways,Quiet Sun
890,North Carolina Howard Pine,Yellow Water
211,Nebraska Patricia Prairie,Muddy Unit
783,Maryland Noah Valley,Muddy Voice
321,North Dakota Brooks Loaf,Polished Sunset
630,Arkansas Tristan Dale,Young Mud
876,Arizona Fisher Knoll,Mute Sea
12,New Hampshire Brown Spring,Aged Butterfly
705,Massachusetts Tamara Avenue,Shrill Cherry
602,Florida Jeffrey Plains,Odd Forest
698,Connecticut White Meadows,Wild Frog
361,New Mexico Kevin Road,Bold King
732,South Carolina Campbell Neck,Yellow Credit
232,Wisconsin Joanna Underpass,Gentle Water
798,California Patrick Extensions,Curly Rice
388,Kansas Miller Locks,Steep Limit
221,Maine Hill Views,Dark Flower
585,Oklahoma Joyce Flat,Tiny Sea
865,New Jersey Wells Harbors,Restless Sea
132,Tennessee Kim Parkways,Mute Dew
695,Vermont Long Port,Crimson Bread
770,Utah Garcia Ford,Silent Waterfall
545,Rhode Island Andrea Fall,Royal Hat
137,Vermont Angela Row,Calm Credit
105,Connecticut Dylan Turnpike,Shy Waterfall
541,Indiana Pratt Locks,Odd Truth
730,Hawaii Huang Dam,Orange Tooth
10,Kansas Ashley Harbors,Super Violet
434,Montana Hall Throughway,Jolly Silence
21,Hawaii Gutierrez Heights,Delicate Lake
777,Nebraska Vanessa Points,Bitter Meadow
330,New Mexico Christopher Walks,Rapid Glitter
594,Kansas Gross Island,Jolly Silence
138,Alaska Francisco Branch,Spring Leaf
422,New Jersey Brown Fords,Autumn Haze
447,Wyoming Yu Walk,Tiny Wood
614,North Carolina Travis Land,Spring Fog
653,Michigan Vazquez Drives,Soft Feather
243,Wisconsin Jennifer Throughway,Jolly Band
414,New Mexico Blake Extension,Curly Field
299,Connecticut Dylan Gardens,Spring Sun
841,New Mexico Moore Walks,Lucky Brook
254,New Mexico Alexander Forest,Morning Scene
959,Missouri Morris Walks,Lively Wood
716,Pennsylvania Cassidy Drives,Shiny Bird
693,Nevada Jason Points,Lucky Pine
90,Ohio Shelton Greens,Falling Shadow
679,Delaware Edwards Dale,Icy Leaf
72,South Dakota Nicholas Union,Small King
699,Virginia Courtney Throughway,Mute Term
459,Ohio Larry Burg,Empty Shadow
744,Delaware Hines Views,Throbbing Shape
884,Arizona Chelsea Falls,Throbbing Mud
905,Alabama Laurie Drive,Dry Scene
920,Maryland Bryan Inlet,Muddy Resonance
932,Kansas Larry Walks,Morning Moon
968,Kansas Philip Valleys,Fragrant Sound
56,Alaska Walters Passage,Summer Frost
947,New Jersey Thomas Valleys,Odd Star
969,Louisiana Wilson Lane,Winter Fire
867,Texas Robinson Garden,Purple Art
821,Alaska Brian Via,Round Violet
213,Mississippi Eddie Land,Hidden Fire
754,Massachusetts Hinton Springs,Empty Sound
869,Georgia Andrea Road,Billowing Sunset
416,Pennsylvania Amanda Flats,Steep Mode
268,Montana Turner Circles,Misty Thunder
773,North Dakota Schultz Inlet,Small Art
168,Alabama Ronnie Valley,Green Rice
652,South Carolina Samantha Club,Gentle Dew
273,Hawaii Brooks Roads,Dry Mouse
284,Idaho Smith Ways,Polished King
444,Massachusetts Wilson Forks,Curly Flower
651,Oregon Justin Branch,Solitary Wind
38,Montana Haney Parks,Quiet Silence
673,New York Nathaniel Hills,Yellow Shape
441,Alabama Gloria Coves,Bold Waterfall
161,New Jersey Herrera Drive,Black Tree
501,Massachusetts Jessica Lock,Dawn Block
528,Michigan Jacob Cliff,Dry Cake
300,Wyoming Holt Court,Misty Art
786,Arizona Beltran Estate,Young Fog
713,New York Lee Estates,Tight Truth
281,Alaska Clark Viaduct,Damp Fire
385,Ohio Susan Plaza,Fancy Thunder
533,Pennsylvania Powers Springs,Flat Dust
808,Alaska Cortez Forges,Empty Pine
722,Kansas John Passage,Polished Butterfly
634,Idaho Suzanne Rest,Lingering Morning
752,Indiana Sheila Trail,Red Resonance
1,Delaware Debra Lodge,Spring Shape
204,Arizona James Parkways,Dark Recipe
523,New Hampshire Austin Squares,Divine Recipe
222,Georgia Diaz Turnpike,Quiet Sea
683,Missouri James Throughway,Summer Firefly
729,Montana Buchanan Fall,Wandering Hall
261,New Jersey Steven Glen,Holy Star
359,Pennsylvania Davis Street,Gentle Mud
320,South Dakota Alexander Mill,Gentle Sound
382,Texas David Prairie,Muddy Bush
169,South Dakota Watson Curve,Soft Thunder
588,Missouri Gabriel Plaza,Broken Base
913,Alaska Patricia Canyon,Lucky Dream
87,Virginia Dennis Rest,Wild Lab
975,Oklahoma Michelle Roads,Twilight Block
889,Tennessee Stephanie Drives,Cool Flower
212,Kansas Martin Shoals,Fancy Pond
253,New Hampshire Curry Street,Green King
435,Kentucky Fowler Cliffs,Cool Thunder
564,Indiana Park Rue,Sparkling Mud
420,West Virginia Joanne Garden,Super Hill
701,Texas Michael Viaduct,Billowing Surf
767,Washington Moore Trafficway,Polished Frost
971,Florida Fritz Center,Ancient Cloud
628,Vermont Michael Shoal,Purple Glitter
16,North Dakota Ramos Branch,Patient Math
195,Nevada Ward Stravenue,Shy Fog
535,Michigan Kristina Meadows,Broken Scene
107,Nebraska Jacobs Locks,Fragrant Frost
64,South Dakota Chang Well,White Night
428,Georgia Allison Place,Still Shape
218,New Mexico Dawn Spring,Young Base
448,Minnesota Jones Gateway,Delicate Morning
476,Texas Andrew Coves,Restless Fire
337,New Hampshire Robert Crescent,Nameless Paper
792,South Dakota Stanton Ranch,Withered Union
129,Minnesota Robin Crescent,Floral Shape
817,Mississippi Rodriguez Glen,Still Truth
418,Nebraska Anthony Island,Winter Pond
144,Maryland Jacob Gardens,Rough Truth
257,Kansas Rogers Keys,Wandering Shape
482,Nebraska Gregory Views,Long Brook
233,Arizona Jessica Locks,Empty Recipe
238,Wyoming Thomas Club,Round Feather
403,Michigan Jill Cliffs,Lucky Dust
36,Delaware Victoria Shoals,Wispy Darkness
485,West Virginia Garrett Summit,Still Bread
433,North Carolina Alexandra Trace,Nameless Bush
639,Ohio White Plains,Black Sun
379,Idaho Susan Brook,Polished Sea
68,West Virginia Molina Harbor,Sweet Bread
978,New Mexico Ramirez Mountain,Jolly Cell
400,Minnesota Karen Isle,Withered Base
131,Georgia Shepard Trail,Wispy Scene
938,Connecticut King Coves,Long Morning
334,Arizona Wood Unions,Patient Bread
290,Oklahoma Amanda Tunnel,Cool Violet
908,Tennessee Brian Drives,Cold Frog
264,New York Sexton Brook,Gentle Salad
409,Illinois Velazquez Flats,Flat Breeze
82,South Carolina Brandi Court,Sparkling Poetry
901,Oregon Morris Trail,Noisy Night
550,Kentucky Jensen Green,Hidden Forest
270,Florida Conner Glen,Cool Sky
298,Louisiana Cooley Station,Plain Lake
846,Mississippi Gibson Estate,Still Scene
415,Ohio Howard Island,Red Scene
981,Nebraska Tate Dale,Polished Hat
521,New Mexico Yoder Road,Quiet Snow
688,Minnesota Smith Meadow,Misty Haze
77,West Virginia Carla Views,Little Bread
496,North Dakota Dawson Row,Divine Tooth
870,Idaho Robinson Cliffs,Super Frog
840,Tennessee Christine Squares,Blue Meadow
123,Washington Andrew Landing,Shrill Sky
35,Idaho Holmes Hollow,Cool Pine
481,New Mexico Lopez Parks,Dark Haze
271,South Carolina Rodriguez Pike,Polished Pond
527,Indiana Smith Landing,Lingering Flower
478,Oregon John Fork,Sparkling Cloud
939,Illinois Pamela Square,Spring Bar
142,Wyoming Silva Pass,Cold Block
631,Delaware Brenda Brooks,Lucky Block
880,Utah Chelsea Locks,Silent Rice
519,Ohio Susan Rue,Divine Paper
197,Maine Kristina Meadow,Long Dust
827,Texas Dawn Hills,Yellow Dawn
762,Nevada Anthony Motorway,Long Leaf
961,North Dakota Schneider Locks,Gentle Mode
396,Utah Miller Landing,Shy Base
645,Missouri Laura Ferry,Fragrant Leaf
193,Mississippi Rivera Trail,Royal Snowflake
291,Kentucky Gonzalez Shoals,Broken Mud
66,Hawaii Lyons Keys,Royal Term
656,Maryland Duran Camp,Odd Night
887,Connecticut Michael Center,Wild Forest
318,Tennessee Ashley Run,Square Heart
484,South Dakota Frazier View,Morning Salad
666,South Dakota Dunn Dam,Restless Snowflake
410,Idaho Sims Lakes,Gentle Disk
249,Colorado Jones Forest,Delicate Unit
830,New Mexico Nicholas Springs,Lively Recipe
506,South Dakota Shaw Loaf,Black Pond
593,South Carolina Spencer Meadows,Plain Block
57,Washington White Island,Autumn Field
922,Maine Colon Dam,Fancy Mountain
994,Florida Ramirez Drive,Orange Recipe
313,Georgia Diana Expressway,Weathered Paper
366,Maine Scott Road,Crimson Rice
748,Florida Bridges Parkway,Wild Mode
43,Michigan Spencer Hill,Little Bread
984,New York Guzman Cliff,Silent Wildflower
27,Nevada Roberts Turnpike,Throbbing Fire
51,Maryland Ian Prairie,Mute Hat
622,Nevada Robin Crossing,Long Mountain
951,Colorado Michele Knoll,Long Rain
587,Alaska Shannon Spur,Dark Wind
633,Pennsylvania Kimberly Shoals,Broken Waterfall
188,Indiana Johnson Gardens,Floral Paper
733,New Mexico Rose Shore,Round Cherry
966,Virginia Craig Land,Super Unit
626,Oklahoma Traci Centers,Proud Heart
955,Texas Reeves Pine,Divine Tooth
552,Alaska Carlson Mountain,Bitter Credit
871,Kentucky Kristin Roads,Flat Pond
684,Oregon Christina Crossing,Cool Star
456,Colorado Walsh Viaduct,Bold Resonance
160,Nevada Melissa Track,Black Butterfly
779,Kentucky Young Crossing,Little Wind
411,New Hampshire Jimenez Summit,Aged Shadow
658,Missouri Barbara Mount,Late Art
387,California Chris Land,Little Glade
995,Mississippi Bianca Canyon,Sweet Night
117,Kansas Christopher Manors,White Sun
241,New York Samantha Mount,Silent Feather
739,Pennsylvania Johnson Forks,Black Darkness
60,Arkansas Sharon Lock,Fancy Mountain
644,South Carolina Glenda Inlet,Yellow Glade
41,North Carolina Ronnie Islands,Holy Resonance
173,Colorado Dawson Oval,Ancient Base
805,Colorado Lopez Meadows,Black Bread
335,Mississippi Gregory Crossing,Summer King
703,Kansas Crosby Ridges,Jolly Queen
438,Nebraska Jacob Mission,Winter Rice
740,Massachusetts Sharon Ports,Yellow Smoke
2,New Mexico Phillips Brooks,Dry Snowflake
612,Vermont Silva Brook,Broken Sky
719,Vermont Nicholas Hollow,Odd Scene
471,Vermont Rachel Falls,Lively Band
586,Nevada Marcus Trail,Silent Cell
957,Maryland Richard Spur,Late Queen
853,Kansas Smith Isle,Red King
747,Minnesota Kimberly Lakes,Fragrant Block
128,Florida Hernandez Stravenue,Shrill Lake
62,Indiana Herrera Orchard,Floral Waterfall
37,Florida Campos Groves,Old Wave
402,Indiana Robert Points,Gentle Glade
