935,99,https://placeimg.com/206/125/any
672,16,https://dummyimage.com/858x874
818,94,https://placeholdit.imgix.net/~text?txtsize=55&txt=870x712&w=870&h=712
177,94,https://placeimg.com/153/588/any
941,57,https://placeimg.com/458/905/any
667,84,https://www.lorempixel.com/213/698
436,10,https://placekitten.com/714/616
421,116,https://placeimg.com/512/654/any
83,15,https://www.lorempixel.com/429/423
949,87,https://placekitten.com/111/782
286,49,https://placeimg.com/428/961/any
50,106,https://placeimg.com/470/288/any
982,53,https://placeholdit.imgix.net/~text?txtsize=55&txt=160x467&w=160&h=467
565,68,https://placeholdit.imgix.net/~text?txtsize=55&txt=621x168&w=621&h=168
577,31,https://www.lorempixel.com/573/166
239,28,https://placeimg.com/655/268/any
896,3,https://placeholdit.imgix.net/~text?txtsize=55&txt=156x356&w=156&h=356
711,36,https://placekitten.com/884/121
592,23,https://placekitten.com/880/68
167,93,https://www.lorempixel.com/621/430
266,6,https://placeimg.com/763/559/any
417,58,https://placeholdit.imgix.net/~text?txtsize=55&txt=428x743&w=428&h=743
285,50,https://placeholdit.imgix.net/~text?txtsize=55&txt=825x290&w=825&h=290
23,11,https://placeholdit.imgix.net/~text?txtsize=55&txt=739x108&w=739&h=108
5,78,https://dummyimage.com/491x288
662,100,https://placeholdit.imgix.net/~text?txtsize=55&txt=285x130&w=285&h=130
283,54,https://dummyimage.com/353x144
468,87,https://placeimg.com/119/490/any
811,107,https://placeholdit.imgix.net/~text?txtsize=55&txt=429x810&w=429&h=810
326,26,https://dummyimage.com/769x639
378,108,https://placekitten.com/945/696
707,105,https://dummyimage.com/823x755
356,78,https://placekitten.com/260/257
556,11,https://placeholdit.imgix.net/~text?txtsize=55&txt=841x268&w=841&h=268
738,58,https://dummyimage.com/495x498
926,16,https://placekitten.com/813/407
937,10,https://dummyimage.com/660x744
58,66,https://placekitten.com/683/991
398,68,https://placeimg.com/417/727/any
885,5,https://placeimg.com/764/146/any
757,98,https://placeimg.com/464/148/any
76,61,https://placeholdit.imgix.net/~text?txtsize=55&txt=1018x288&w=1018&h=288
917,76,https://www.lorempixel.com/514/440
28,64,https://placeimg.com/334/918/any
324,123,https://placeholdit.imgix.net/~text?txtsize=55&txt=88x161&w=88&h=161
962,38,https://dummyimage.com/792x874
155,84,https://placekitten.com/212/80
394,59,https://placeholdit.imgix.net/~text?txtsize=55&txt=270x723&w=270&h=723
687,75,https://placekitten.com/309/939
70,7,https://www.lorempixel.com/479/501
341,78,https://dummyimage.com/442x107
597,21,https://www.lorempixel.com/719/735
495,101,https://placeholdit.imgix.net/~text?txtsize=55&txt=366x769&w=366&h=769
800,100,https://placekitten.com/1003/295
990,42,https://www.lorempixel.com/782/29
571,79,https://www.lorempixel.com/712/226
504,73,https://placekitten.com/974/524
30,3,https://placeimg.com/70/987/any
202,66,https://placeholdit.imgix.net/~text?txtsize=55&txt=929x586&w=929&h=586
458,82,https://www.lorempixel.com/334/418
393,43,https://placeholdit.imgix.net/~text?txtsize=55&txt=283x57&w=283&h=57
878,69,https://www.lorempixel.com/478/260
918,6,https://placeholdit.imgix.net/~text?txtsize=55&txt=303x136&w=303&h=136
336,90,https://placekitten.com/135/962
724,7,https://www.lorempixel.com/291/214
904,124,https://placekitten.com/317/629
491,66,https://placekitten.com/558/730
488,77,https://placeimg.com/968/640/any
165,21,https://placeimg.com/247/243/any
282,111,https://www.lorempixel.com/418/36
563,78,https://www.lorempixel.com/510/750
217,6,https://www.lorempixel.com/469/825
931,27,https://placeimg.com/590/730/any
303,13,https://placeimg.com/467/94/any
604,126,https://placeimg.com/957/438/any
73,63,https://www.lorempixel.com/211/560
833,113,https://placeholdit.imgix.net/~text?txtsize=55&txt=230x605&w=230&h=605
322,125,https://placeimg.com/9/347/any
305,19,https://dummyimage.com/370x667
423,51,https://placeholdit.imgix.net/~text?txtsize=55&txt=6x316&w=6&h=316
948,97,https://placeimg.com/965/888/any
697,25,https://placeimg.com/562/256/any
557,56,https://www.lorempixel.com/788/994
205,46,https://placeholdit.imgix.net/~text?txtsize=55&txt=465x764&w=465&h=764
674,124,https://www.lorempixel.com/705/128
443,20,https://www.lorempixel.com/588/285
851,39,https://dummyimage.com/330x818
412,22,https://dummyimage.com/110x366
483,29,https://dummyimage.com/68x450
85,77,https://placekitten.com/222/263
325,46,https://placeholdit.imgix.net/~text?txtsize=55&txt=912x267&w=912&h=267
567,101,https://www.lorempixel.com/463/193
293,68,https://placekitten.com/892/132
358,14,https://placeholdit.imgix.net/~text?txtsize=55&txt=412x366&w=412&h=366
493,34,https://placekitten.com/142/1008
943,27,https://placeholdit.imgix.net/~text?txtsize=55&txt=414x86&w=414&h=86
327,86,https://placekitten.com/550/152
825,74,https://dummyimage.com/85x706
513,89,https://placekitten.com/202/554
22,125,https://placeholdit.imgix.net/~text?txtsize=55&txt=433x836&w=433&h=836
579,119,https://dummyimage.com/940x110
895,18,https://placeholdit.imgix.net/~text?txtsize=55&txt=493x938&w=493&h=938
725,84,https://placeholdit.imgix.net/~text?txtsize=55&txt=983x477&w=983&h=477
524,91,https://placeholdit.imgix.net/~text?txtsize=55&txt=51x1020&w=51&h=1020
45,70,https://placeimg.com/457/339/any
248,58,https://placekitten.com/670/968
813,121,https://placekitten.com/950/466
230,5,https://dummyimage.com/453x447
635,48,https://www.lorempixel.com/308/864
502,79,https://placeimg.com/596/975/any
329,120,https://placekitten.com/823/562
475,107,https://www.lorempixel.com/533/198
262,32,https://dummyimage.com/77x392
362,99,https://placeimg.com/805/792/any
960,102,https://dummyimage.com/695x507
834,100,https://placeimg.com/945/720/any
162,55,https://dummyimage.com/863x780
649,75,https://placeholdit.imgix.net/~text?txtsize=55&txt=779x672&w=779&h=672
837,60,https://www.lorempixel.com/855/930
696,44,https://dummyimage.com/942x147
40,75,https://www.lorempixel.com/51/325
745,35,https://placeholdit.imgix.net/~text?txtsize=55&txt=880x704&w=880&h=704
489,47,https://placeholdit.imgix.net/~text?txtsize=55&txt=910x930&w=910&h=930
280,111,https://dummyimage.com/922x538
985,11,https://placeimg.com/23/259/any
392,65,https://placeimg.com/327/843/any
148,63,https://placekitten.com/769/300
828,105,https://dummyimage.com/727x753
624,97,https://www.lorempixel.com/520/389
755,44,https://placeimg.com/431/83/any
108,87,https://placeimg.com/784/482/any
49,36,https://dummyimage.com/883x43
551,18,https://www.lorempixel.com/298/965
655,82,https://placeholdit.imgix.net/~text?txtsize=55&txt=505x930&w=505&h=930
277,82,https://placeimg.com/225/47/any
721,40,https://dummyimage.com/935x137
991,15,https://placeholdit.imgix.net/~text?txtsize=55&txt=591x962&w=591&h=962
487,52,https://placekitten.com/854/778
537,112,https://placekitten.com/537/975
520,60,https://dummyimage.com/1x283
814,73,https://placekitten.com/107/25
201,108,https://placeholdit.imgix.net/~text?txtsize=55&txt=132x356&w=132&h=356
86,44,https://www.lorempixel.com/991/258
659,31,https://dummyimage.com/57x1010
220,72,https://placekitten.com/518/232
891,121,https://placeholdit.imgix.net/~text?txtsize=55&txt=136x1016&w=136&h=1016
231,99,https://dummyimage.com/885x660
269,122,https://www.lorempixel.com/125/542
247,49,https://dummyimage.com/972x318
191,48,https://placeholdit.imgix.net/~text?txtsize=55&txt=468x161&w=468&h=161
246,3,https://placeimg.com/164/481/any
258,29,https://placekitten.com/24/486
206,55,https://placekitten.com/338/195
629,121,https://www.lorempixel.com/146/409
859,64,https://dummyimage.com/1002x393
42,70,https://placeholdit.imgix.net/~text?txtsize=55&txt=478x158&w=478&h=158
408,115,https://placeimg.com/457/678/any
127,60,https://placeimg.com/422/201/any
793,60,https://www.lorempixel.com/806/308
554,50,https://dummyimage.com/261x583
791,77,https://placeimg.com/309/634/any
546,21,https://www.lorempixel.com/354/156
215,48,https://dummyimage.com/362x133
678,37,https://placeimg.com/691/531/any
453,109,https://www.lorempixel.com/173/902
665,99,https://dummyimage.com/661x359
467,123,https://placeholdit.imgix.net/~text?txtsize=55&txt=101x578&w=101&h=578
648,79,https://placeimg.com/804/259/any
560,47,https://placekitten.com/818/58
176,64,https://placekitten.com/818/458
838,25,https://placeholdit.imgix.net/~text?txtsize=55&txt=971x959&w=971&h=959
850,38,https://placeholdit.imgix.net/~text?txtsize=55&txt=791x1017&w=791&h=1017
986,69,https://www.lorempixel.com/179/876
216,73,https://placeholdit.imgix.net/~text?txtsize=55&txt=709x643&w=709&h=643
431,123,https://dummyimage.com/780x460
8,99,https://dummyimage.com/614x477
460,85,https://placeholdit.imgix.net/~text?txtsize=55&txt=311x190&w=311&h=190
801,1,https://placeholdit.imgix.net/~text?txtsize=55&txt=462x934&w=462&h=934
737,96,https://dummyimage.com/17x911
806,52,https://placekitten.com/481/521
903,116,https://dummyimage.com/130x285
946,66,https://placeholdit.imgix.net/~text?txtsize=55&txt=1015x377&w=1015&h=377
996,58,https://placeholdit.imgix.net/~text?txtsize=55&txt=396x108&w=396&h=108
601,82,https://www.lorempixel.com/30/592
214,102,https://dummyimage.com/985x54
442,34,https://placeimg.com/903/962/any
529,125,https://placekitten.com/832/958
505,15,https://www.lorempixel.com/703/305
511,44,https://placekitten.com/294/2
118,1,https://placeholdit.imgix.net/~text?txtsize=55&txt=788x995&w=788&h=995
472,116,https://dummyimage.com/272x367
512,72,https://placeholdit.imgix.net/~text?txtsize=55&txt=257x888&w=257&h=888
114,126,https://placekitten.com/921/613
480,9,https://placeimg.com/507/899/any
404,79,https://www.lorempixel.com/242/273
596,56,https://dummyimage.com/307x803
145,91,https://dummyimage.com/649x70
906,51,https://placekitten.com/1002/478
479,51,https://placeimg.com/598/150/any
670,66,https://placeholdit.imgix.net/~text?txtsize=55&txt=882x283&w=882&h=283
401,67,https://dummyimage.com/594x407
199,1,https://placeimg.com/818/137/any
194,76,https://placekitten.com/158/659
787,126,https://placekitten.com/73/796
292,111,https://dummyimage.com/450x436
539,113,https://www.lorempixel.com/155/495
925,58,https://placeholdit.imgix.net/~text?txtsize=55&txt=986x353&w=986&h=353
357,74,https://placekitten.com/695/633
714,12,https://www.lorempixel.com/922/133
244,71,https://www.lorempixel.com/973/24
116,67,https://dummyimage.com/946x236
514,68,https://dummyimage.com/319x51
942,68,https://placeholdit.imgix.net/~text?txtsize=55&txt=734x882&w=734&h=882
454,21,https://www.lorempixel.com/368/142
936,72,https://placeimg.com/642/664/any
638,51,https://dummyimage.com/605x312
636,9,https://placeimg.com/761/319/any
555,90,https://placeholdit.imgix.net/~text?txtsize=55&txt=108x873&w=108&h=873
822,49,https://www.lorempixel.com/837/80
17,110,https://placekitten.com/443/845
717,86,https://dummyimage.com/619x1015
360,12,https://dummyimage.com/164x812
288,68,https://www.lorempixel.com/633/261
390,24,https://placeholdit.imgix.net/~text?txtsize=55&txt=604x661&w=604&h=661
492,76,https://placeholdit.imgix.net/~text?txtsize=55&txt=30x286&w=30&h=286
507,22,https://placeholdit.imgix.net/~text?txtsize=55&txt=939x290&w=939&h=290
369,105,https://placeholdit.imgix.net/~text?txtsize=55&txt=945x105&w=945&h=105
753,2,https://placeimg.com/653/144/any
347,72,https://placeimg.com/931/641/any
228,112,https://placeimg.com/201/18/any
317,51,https://placeimg.com/811/632/any
953,6,https://placeimg.com/274/256/any
663,58,https://placeholdit.imgix.net/~text?txtsize=55&txt=876x626&w=876&h=626
691,109,https://www.lorempixel.com/671/666
351,88,https://placeimg.com/614/801/any
153,68,https://www.lorempixel.com/858/912
945,91,https://dummyimage.com/1020x613
976,88,https://placekitten.com/222/589
873,105,https://placekitten.com/921/196
590,105,https://placekitten.com/651/313
225,29,https://placekitten.com/594/348
184,28,https://www.lorempixel.com/179/425
237,109,https://placeholdit.imgix.net/~text?txtsize=55&txt=468x830&w=468&h=830
67,82,https://dummyimage.com/206x805
106,54,https://placeimg.com/650/54/any
847,4,https://placekitten.com/304/20
363,65,https://placeholdit.imgix.net/~text?txtsize=55&txt=381x62&w=381&h=62
187,56,https://www.lorempixel.com/68/573
532,36,https://placeholdit.imgix.net/~text?txtsize=55&txt=610x476&w=610&h=476
974,126,https://placeimg.com/335/745/any
14,11,https://placekitten.com/282/196
65,92,https://placeimg.com/243/683/any
856,51,https://placeholdit.imgix.net/~text?txtsize=55&txt=740x44&w=740&h=44
675,86,https://dummyimage.com/433x402
462,61,https://www.lorempixel.com/881/270
425,13,https://placeimg.com/57/809/any
312,123,https://placeholdit.imgix.net/~text?txtsize=55&txt=950x144&w=950&h=144
669,107,https://www.lorempixel.com/211/720
319,16,https://placeimg.com/658/923/any
609,62,https://placekitten.com/543/813
125,80,https://dummyimage.com/331x194
74,34,https://www.lorempixel.com/102/78
210,14,https://www.lorempixel.com/123/102
156,53,https://placeholdit.imgix.net/~text?txtsize=55&txt=424x539&w=424&h=539
940,107,https://dummyimage.com/728x999
751,48,https://placeholdit.imgix.net/~text?txtsize=55&txt=579x268&w=579&h=268
61,74,https://placekitten.com/180/722
618,25,https://dummyimage.com/576x871
185,76,https://dummyimage.com/302x300
31,4,https://placeholdit.imgix.net/~text?txtsize=55&txt=792x68&w=792&h=68
950,89,https://placeimg.com/124/966/any
776,85,https://placekitten.com/23/14
692,25,https://placeholdit.imgix.net/~text?txtsize=55&txt=166x658&w=166&h=658
141,7,https://www.lorempixel.com/393/343
522,3,https://placeholdit.imgix.net/~text?txtsize=55&txt=738x87&w=738&h=87
376,22,https://placeimg.com/152/62/any
499,84,https://dummyimage.com/230x483
849,52,https://placeimg.com/103/100/any
426,74,https://placeholdit.imgix.net/~text?txtsize=55&txt=541x983&w=541&h=983
746,18,https://www.lorempixel.com/720/225
109,27,https://placekitten.com/115/367
510,44,https://dummyimage.com/272x504
353,47,https://placekitten.com/615/561
702,94,https://dummyimage.com/115x727
584,36,https://placekitten.com/941/692
310,81,https://www.lorempixel.com/544/284
632,57,https://placekitten.com/708/1018
346,59,https://placeholdit.imgix.net/~text?txtsize=55&txt=46x138&w=46&h=138
914,20,https://dummyimage.com/313x196
574,91,https://dummyimage.com/759x106
338,6,https://placeimg.com/119/688/any
615,119,https://www.lorempixel.com/763/639
289,64,https://placeholdit.imgix.net/~text?txtsize=55&txt=996x176&w=996&h=176
875,13,https://www.lorempixel.com/845/449
660,34,https://placeimg.com/666/226/any
314,10,https://placekitten.com/80/720
536,89,https://dummyimage.com/733x61
150,37,https://placeimg.com/483/194/any
848,35,https://placeholdit.imgix.net/~text?txtsize=55&txt=77x692&w=77&h=692
768,74,https://placeimg.com/709/998/any
855,114,https://dummyimage.com/496x613
794,92,https://dummyimage.com/23x120
405,73,https://placeimg.com/103/726/any
809,61,https://placeimg.com/453/408/any
718,39,https://placekitten.com/87/153
611,90,https://dummyimage.com/840x423
578,87,https://placekitten.com/68/836
135,53,https://placekitten.com/390/177
48,28,https://placeimg.com/27/95/any
93,56,https://placeimg.com/337/893/any
728,49,https://dummyimage.com/794x699
196,67,https://placeholdit.imgix.net/~text?txtsize=55&txt=337x107&w=337&h=107
874,86,https://placeholdit.imgix.net/~text?txtsize=55&txt=935x912&w=935&h=912
965,90,https://placeimg.com/833/636/any
775,66,https://placekitten.com/351/709
736,113,https://dummyimage.com/51x977
954,37,https://placekitten.com/507/278
437,115,https://placeholdit.imgix.net/~text?txtsize=55&txt=413x845&w=413&h=845
958,24,https://placekitten.com/201/566
503,123,https://dummyimage.com/495x24
872,85,https://placeholdit.imgix.net/~text?txtsize=55&txt=714x864&w=714&h=864
308,104,https://placeimg.com/9/922/any
133,63,https://placekitten.com/601/877
944,105,https://dummyimage.com/716x71
52,94,https://dummyimage.com/498x514
572,73,https://dummyimage.com/636x320
39,62,https://placeholdit.imgix.net/~text?txtsize=55&txt=62x203&w=62&h=203
81,72,https://placeimg.com/483/793/any
445,94,https://placeholdit.imgix.net/~text?txtsize=55&txt=270x681&w=270&h=681
530,32,https://www.lorempixel.com/833/465
845,47,https://dummyimage.com/442x906
18,79,https://www.lorempixel.com/820/343
44,25,https://dummyimage.com/631x998
844,73,https://www.lorempixel.com/496/1002
11,125,https://dummyimage.com/53x771
316,97,https://placeimg.com/652/171/any
576,13,https://placeimg.com/732/910/any
973,19,https://www.lorempixel.com/26/14
620,42,https://www.lorempixel.com/26/563
490,75,https://www.lorempixel.com/563/353
807,53,https://placekitten.com/517/468
568,110,https://placekitten.com/912/649
795,77,https://dummyimage.com/279x944
256,35,https://placekitten.com/382/707
789,42,https://placekitten.com/882/677
750,27,https://placekitten.com/741/303
861,103,https://placeimg.com/645/799/any
13,87,https://www.lorempixel.com/230/207
923,107,https://placeimg.com/49/963/any
348,99,https://placekitten.com/864/169
647,106,https://dummyimage.com/356x395
826,21,https://placeholdit.imgix.net/~text?txtsize=55&txt=289x913&w=289&h=913
743,109,https://placeimg.com/111/965/any
575,35,https://dummyimage.com/918x561
227,75,https://placeholdit.imgix.net/~text?txtsize=55&txt=505x288&w=505&h=288
508,49,https://placeholdit.imgix.net/~text?txtsize=55&txt=492x376&w=492&h=376
671,29,https://www.lorempixel.com/732/224
599,15,https://placeimg.com/57/866/any
154,55,https://placeimg.com/698/735/any
429,67,https://placeimg.com/688/840/any
339,50,https://placekitten.com/582/686
723,118,https://placeimg.com/924/1016/any
646,54,https://dummyimage.com/772x888
80,51,https://placeholdit.imgix.net/~text?txtsize=55&txt=616x1024&w=616&h=1024
59,92,https://placeimg.com/662/799/any
640,80,https://www.lorempixel.com/372/116
120,113,https://placeimg.com/575/713/any
377,33,https://dummyimage.com/138x566
987,96,https://dummyimage.com/597x99
75,106,https://www.lorempixel.com/243/293
179,36,https://placeholdit.imgix.net/~text?txtsize=55&txt=714x144&w=714&h=144
591,21,https://placekitten.com/236/326
104,93,https://dummyimage.com/246x925
54,33,https://placeimg.com/310/415/any
742,81,https://placeimg.com/93/53/any
115,65,https://www.lorempixel.com/790/673
372,27,https://dummyimage.com/358x863
439,13,https://placeimg.com/766/531/any
235,81,https://placekitten.com/624/385
20,115,https://placekitten.com/1000/503
15,79,https://placeimg.com/832/481/any
473,9,https://placeholdit.imgix.net/~text?txtsize=55&txt=160x755&w=160&h=755
463,75,https://placeholdit.imgix.net/~text?txtsize=55&txt=232x497&w=232&h=497
842,121,https://placeholdit.imgix.net/~text?txtsize=55&txt=651x692&w=651&h=692
516,12,https://placeimg.com/153/4/any
759,31,https://placeholdit.imgix.net/~text?txtsize=55&txt=750x434&w=750&h=434
498,65,https://placeholdit.imgix.net/~text?txtsize=55&txt=365x325&w=365&h=325
899,92,https://placeimg.com/107/293/any
977,75,https://dummyimage.com/582x285
99,96,https://placeholdit.imgix.net/~text?txtsize=55&txt=807x316&w=807&h=316
157,54,https://placeholdit.imgix.net/~text?txtsize=55&txt=698x890&w=698&h=890
332,79,https://placekitten.com/519/702
175,92,https://placeholdit.imgix.net/~text?txtsize=55&txt=571x131&w=571&h=131
860,118,https://placeimg.com/789/818/any
548,113,https://dummyimage.com/906x388
643,28,https://www.lorempixel.com/468/625
365,48,https://www.lorempixel.com/58/979
900,53,https://placekitten.com/500/619
933,89,https://www.lorempixel.com/566/36
307,88,https://placeholdit.imgix.net/~text?txtsize=55&txt=156x85&w=156&h=85
610,33,https://placeimg.com/71/420/any
112,19,https://placeimg.com/164/807/any
988,77,https://placeholdit.imgix.net/~text?txtsize=55&txt=302x91&w=302&h=91
892,99,https://placeholdit.imgix.net/~text?txtsize=55&txt=725x902&w=725&h=902
619,11,https://placeholdit.imgix.net/~text?txtsize=55&txt=798x452&w=798&h=452
151,49,https://www.lorempixel.com/792/829
888,125,https://placekitten.com/368/395
9,35,https://placeholdit.imgix.net/~text?txtsize=55&txt=391x355&w=391&h=355
778,117,https://placeholdit.imgix.net/~text?txtsize=55&txt=763x348&w=763&h=348
989,14,https://placeimg.com/648/1005/any
566,6,https://placekitten.com/925/268
690,45,https://placekitten.com/111/94
166,31,https://placeholdit.imgix.net/~text?txtsize=55&txt=365x122&w=365&h=122
868,79,https://www.lorempixel.com/938/354
562,83,https://placekitten.com/73/560
287,109,https://dummyimage.com/399x292
451,5,https://placeimg.com/564/1008/any
525,92,https://placeimg.com/695/608/any
983,89,https://dummyimage.com/565x532
391,117,https://placeholdit.imgix.net/~text?txtsize=55&txt=126x617&w=126&h=617
275,36,https://placeimg.com/357/780/any
223,54,https://dummyimage.com/159x118
657,56,https://placeimg.com/646/981/any
242,106,https://www.lorempixel.com/1021/964
119,26,https://placekitten.com/930/132
831,73,https://www.lorempixel.com/796/810
47,44,https://placeimg.com/182/828/any
163,25,https://placeimg.com/737/939/any
432,61,https://placeholdit.imgix.net/~text?txtsize=55&txt=800x843&w=800&h=843
785,101,https://dummyimage.com/645x250
863,50,https://dummyimage.com/226x484
103,10,https://placeimg.com/425/264/any
486,69,https://placeimg.com/264/719/any
364,106,https://placekitten.com/658/958
749,122,https://placeholdit.imgix.net/~text?txtsize=55&txt=83x357&w=83&h=357
864,78,https://placeimg.com/116/20/any
182,60,https://dummyimage.com/389x977
909,16,https://placeimg.com/954/575/any
368,64,https://www.lorempixel.com/897/440
580,12,https://www.lorempixel.com/248/662
500,109,https://dummyimage.com/791x783
866,33,https://placekitten.com/340/666
352,116,https://placeimg.com/0/785/any
88,57,https://placekitten.com/121/703
781,104,https://placeimg.com/121/629/any
208,54,https://dummyimage.com/529x303
19,46,https://www.lorempixel.com/95/103
715,86,https://placeimg.com/293/710/any
397,20,https://placeholdit.imgix.net/~text?txtsize=55&txt=195x797&w=195&h=797
465,87,https://placeholdit.imgix.net/~text?txtsize=55&txt=648x555&w=648&h=555
355,12,https://placeimg.com/275/878/any
766,64,https://placeholdit.imgix.net/~text?txtsize=55&txt=799x420&w=799&h=420
650,42,https://placekitten.com/84/385
122,9,https://www.lorempixel.com/888/54
570,7,https://placeimg.com/385/989/any
796,19,https://dummyimage.com/369x38
726,80,https://placekitten.com/359/20
343,11,https://www.lorempixel.com/371/366
174,111,https://placeimg.com/452/322/any
130,109,https://placekitten.com/872/693
374,114,https://placeholdit.imgix.net/~text?txtsize=55&txt=850x695&w=850&h=695
824,80,https://www.lorempixel.com/943/472
370,67,https://placeimg.com/644/978/any
26,18,https://placeimg.com/691/618/any
3,58,https://placeimg.com/401/657/any
616,83,https://placeholdit.imgix.net/~text?txtsize=55&txt=859x31&w=859&h=31
886,102,https://placeholdit.imgix.net/~text?txtsize=55&txt=652x274&w=652&h=274
94,126,https://placeholdit.imgix.net/~text?txtsize=55&txt=865x76&w=865&h=76
384,17,https://www.lorempixel.com/1003/10
897,49,https://placeimg.com/590/437/any
78,4,https://placekitten.com/521/187
25,50,https://www.lorempixel.com/361/726
371,98,https://placeholdit.imgix.net/~text?txtsize=55&txt=793x871&w=793&h=871
967,13,https://placeholdit.imgix.net/~text?txtsize=55&txt=506x470&w=506&h=470
999,16,https://www.lorempixel.com/214/182
843,41,https://placekitten.com/698/100
761,17,https://placekitten.com/994/547
209,126,https://www.lorempixel.com/195/694
829,60,https://dummyimage.com/380x584
664,123,https://dummyimage.com/159x53
820,13,https://placeholdit.imgix.net/~text?txtsize=55&txt=28x538&w=28&h=538
559,14,https://placeholdit.imgix.net/~text?txtsize=55&txt=187x450&w=187&h=450
406,93,https://www.lorempixel.com/547/698
192,26,https://placekitten.com/1023/851
181,60,https://www.lorempixel.com/469/73
915,91,https://dummyimage.com/692x784
306,3,https://placeholdit.imgix.net/~text?txtsize=55&txt=793x437&w=793&h=437
540,81,https://placeimg.com/403/808/any
788,22,https://placekitten.com/492/835
424,116,https://www.lorempixel.com/805/801
689,121,https://placekitten.com/722/238
207,65,https://dummyimage.com/848x297
367,83,https://placeholdit.imgix.net/~text?txtsize=55&txt=437x552&w=437&h=552
637,33,https://www.lorempixel.com/696/742
921,85,https://www.lorempixel.com/969/874
534,61,https://placeholdit.imgix.net/~text?txtsize=55&txt=699x211&w=699&h=211
143,29,https://placekitten.com/731/831
497,31,https://www.lorempixel.com/193/733
772,84,https://placeholdit.imgix.net/~text?txtsize=55&txt=186x403&w=186&h=403
272,105,https://placeholdit.imgix.net/~text?txtsize=55&txt=904x484&w=904&h=484
710,48,https://www.lorempixel.com/597/108
477,123,https://placeholdit.imgix.net/~text?txtsize=55&txt=504x613&w=504&h=613
389,66,https://placekitten.com/163/43
260,123,https://dummyimage.com/211x294
315,73,https://placekitten.com/370/830
654,98,https://dummyimage.com/142x152
603,99,https://placekitten.com/982/962
33,21,https://placekitten.com/578/578
613,18,https://placeimg.com/609/234/any
124,54,https://www.lorempixel.com/400/566
682,79,https://placekitten.com/970/11
661,117,https://placeholdit.imgix.net/~text?txtsize=55&txt=616x413&w=616&h=413
894,113,https://dummyimage.com/573x552
782,42,https://placeholdit.imgix.net/~text?txtsize=55&txt=395x540&w=395&h=540
252,50,https://placekitten.com/735/414
912,126,https://placeholdit.imgix.net/~text?txtsize=55&txt=915x861&w=915&h=861
450,29,https://placekitten.com/686/441
797,114,https://dummyimage.com/229x82
509,77,https://www.lorempixel.com/118/303
172,61,https://placekitten.com/894/234
816,43,https://placeholdit.imgix.net/~text?txtsize=55&txt=299x873&w=299&h=873
836,116,https://www.lorempixel.com/242/407
810,118,https://placeimg.com/124/820/any
413,103,https://placekitten.com/394/956
32,112,https://placeholdit.imgix.net/~text?txtsize=55&txt=275x289&w=275&h=289
149,103,https://placekitten.com/44/727
6,88,https://placeholdit.imgix.net/~text?txtsize=55&txt=831x336&w=831&h=336
686,71,https://www.lorempixel.com/598/228
963,60,https://dummyimage.com/235x344
734,78,https://placeimg.com/987/287/any
53,7,https://placekitten.com/1006/1004
756,70,https://placekitten.com/545/254
349,67,https://dummyimage.com/678x539
229,119,https://www.lorempixel.com/506/904
236,69,https://www.lorempixel.com/263/163
328,89,https://placeimg.com/295/139/any
709,38,https://placekitten.com/511/201
342,22,https://www.lorempixel.com/304/29
515,73,https://www.lorempixel.com/1008/390
55,53,https://placekitten.com/1005/49
823,30,https://dummyimage.com/193x794
581,110,https://www.lorempixel.com/225/960
29,36,https://placekitten.com/682/201
676,57,https://www.lorempixel.com/250/634
331,62,https://dummyimage.com/184x438
69,14,https://dummyimage.com/900x778
274,123,https://www.lorempixel.com/671/986
98,68,https://placekitten.com/698/632
803,78,https://www.lorempixel.com/883/979
799,76,https://placeholdit.imgix.net/~text?txtsize=55&txt=203x913&w=203&h=913
927,34,https://placeholdit.imgix.net/~text?txtsize=55&txt=236x473&w=236&h=473
774,79,https://www.lorempixel.com/764/939
835,124,https://dummyimage.com/886x22
455,11,https://placeholdit.imgix.net/~text?txtsize=55&txt=282x776&w=282&h=776
720,82,https://dummyimage.com/392x88
474,125,https://placekitten.com/514/105
668,66,https://placekitten.com/985/435
140,25,https://www.lorempixel.com/407/191
250,80,https://placeimg.com/361/587/any
547,79,https://dummyimage.com/260x737
200,68,https://dummyimage.com/383x159
224,34,https://placeimg.com/366/644/any
469,107,https://www.lorempixel.com/755/1007
972,24,https://placeholdit.imgix.net/~text?txtsize=55&txt=864x963&w=864&h=963
980,114,https://dummyimage.com/325x895
164,96,https://placeimg.com/898/841/any
399,25,https://dummyimage.com/112x170
771,80,https://placeimg.com/751/770/any
63,57,https://www.lorempixel.com/554/986
681,122,https://dummyimage.com/362x835
765,69,https://placeholdit.imgix.net/~text?txtsize=55&txt=574x257&w=574&h=257
226,12,https://placeholdit.imgix.net/~text?txtsize=55&txt=135x883&w=135&h=883
543,67,https://placeimg.com/696/893/any
735,17,https://dummyimage.com/329x445
147,34,https://placekitten.com/619/589
964,89,https://placeimg.com/627/864/any
267,28,https://dummyimage.com/120x1008
101,51,https://dummyimage.com/949x874
79,43,https://placeholdit.imgix.net/~text?txtsize=55&txt=806x86&w=806&h=86
919,7,https://placekitten.com/821/1
92,78,https://dummyimage.com/281x476
251,5,https://placekitten.com/418/291
309,4,https://placeimg.com/35/479/any
993,107,https://placeimg.com/368/306/any
380,52,https://dummyimage.com/331x1010
24,117,https://placeholdit.imgix.net/~text?txtsize=55&txt=730x891&w=730&h=891
998,91,https://placeholdit.imgix.net/~text?txtsize=55&txt=909x418&w=909&h=418
802,92,https://dummyimage.com/742x921
71,18,https://dummyimage.com/82x43
102,117,https://placeholdit.imgix.net/~text?txtsize=55&txt=414x365&w=414&h=365
381,46,https://placekitten.com/679/304
203,19,https://placeimg.com/79/567/any
952,86,https://placeholdit.imgix.net/~text?txtsize=55&txt=680x1011&w=680&h=1011
625,58,https://placekitten.com/863/843
279,3,https://placekitten.com/449/281
259,27,https://www.lorempixel.com/598/883
240,9,https://placeholdit.imgix.net/~text?txtsize=55&txt=401x574&w=401&h=574
700,126,https://placeimg.com/674/561/any
934,119,https://placeholdit.imgix.net/~text?txtsize=55&txt=140x145&w=140&h=145
234,105,https://dummyimage.com/536x310
879,79,https://placekitten.com/938/79
46,11,https://placeimg.com/277/49/any
538,31,https://placekitten.com/80/770
375,61,https://placeholdit.imgix.net/~text?txtsize=55&txt=686x909&w=686&h=909
340,67,https://placeholdit.imgix.net/~text?txtsize=55&txt=948x979&w=948&h=979
704,47,https://dummyimage.com/322x774
494,43,https://placekitten.com/423/149
311,94,https://placeimg.com/223/774/any
605,25,https://placeholdit.imgix.net/~text?txtsize=55&txt=908x286&w=908&h=286
882,35,https://placeimg.com/137/832/any
383,111,https://www.lorempixel.com/266/614
857,105,https://dummyimage.com/949x871
727,20,https://placeimg.com/564/311/any
608,81,https://placeholdit.imgix.net/~text?txtsize=55&txt=364x36&w=364&h=36
302,78,https://placeimg.com/700/13/any
95,19,https://placeimg.com/8/73/any
457,77,https://www.lorempixel.com/633/697
466,89,https://placekitten.com/64/771
91,58,https://placeholdit.imgix.net/~text?txtsize=55&txt=112x638&w=112&h=638
152,96,https://placeimg.com/542/938/any
333,113,https://www.lorempixel.com/165/58
531,48,https://placeimg.com/29/242/any
198,51,https://dummyimage.com/105x245
159,82,https://www.lorempixel.com/169/558
979,124,https://placeholdit.imgix.net/~text?txtsize=55&txt=17x911&w=17&h=911
373,29,https://www.lorempixel.com/588/702
582,78,https://www.lorempixel.com/237/445
706,18,https://www.lorempixel.com/1006/151
617,98,https://www.lorempixel.com/684/680
583,93,https://placeimg.com/807/86/any
170,66,https://placeimg.com/37/786/any
134,126,https://placekitten.com/169/517
449,122,https://placekitten.com/4/799
815,46,https://placeholdit.imgix.net/~text?txtsize=55&txt=362x486&w=362&h=486
7,19,https://placekitten.com/210/908
642,1,https://dummyimage.com/977x994
812,76,https://dummyimage.com/714x763
276,91,https://placekitten.com/746/333
641,21,https://dummyimage.com/343x230
832,123,https://placeimg.com/39/636/any
819,112,https://placeimg.com/61/856/any
924,67,https://placekitten.com/452/988
542,91,https://placeimg.com/842/866/any
621,103,https://placeholdit.imgix.net/~text?txtsize=55&txt=551x110&w=551&h=110
930,100,https://placeholdit.imgix.net/~text?txtsize=55&txt=22x128&w=22&h=128
992,62,https://dummyimage.com/664x128
561,38,https://placeimg.com/135/491/any
278,50,https://dummyimage.com/619x648
295,26,https://placekitten.com/707/870
854,112,https://placeimg.com/386/759/any
712,74,https://dummyimage.com/1007x787
354,83,https://dummyimage.com/182x209
595,46,https://www.lorempixel.com/190/897
569,104,https://placekitten.com/272/361
517,4,https://placeholdit.imgix.net/~text?txtsize=55&txt=922x146&w=922&h=146
883,18,https://placeimg.com/221/573/any
304,76,https://placekitten.com/834/401
553,44,https://placeimg.com/112/915/any
852,77,https://dummyimage.com/359x294
263,12,https://placekitten.com/415/441
627,15,https://placeimg.com/982/736/any
265,114,https://placeimg.com/124/972/any
136,47,https://www.lorempixel.com/478/924
294,105,https://www.lorempixel.com/674/388
158,125,https://placeimg.com/222/47/any
780,76,https://placekitten.com/234/903
178,23,https://dummyimage.com/193x640
219,38,https://placekitten.com/769/743
427,94,https://placekitten.com/399/304
189,68,https://www.lorempixel.com/494/274
764,5,https://placeholdit.imgix.net/~text?txtsize=55&txt=422x844&w=422&h=844
997,88,https://placeholdit.imgix.net/~text?txtsize=55&txt=90x515&w=90&h=515
518,69,https://placekitten.com/541/526
470,13,https://www.lorempixel.com/242/527
126,23,https://www.lorempixel.com/798/560
607,51,https://www.lorempixel.com/922/287
929,114,https://www.lorempixel.com/506/487
301,20,https://www.lorempixel.com/653/904
96,1,https://placeholdit.imgix.net/~text?txtsize=55&txt=291x46&w=291&h=46
255,28,https://www.lorempixel.com/587/635
526,47,https://dummyimage.com/1007x413
446,30,https://dummyimage.com/734x776
763,18,https://dummyimage.com/428x672
790,110,https://www.lorempixel.com/286/122
839,86,https://dummyimage.com/894x389
741,67,https://dummyimage.com/707x885
573,87,https://placeholdit.imgix.net/~text?txtsize=55&txt=400x286&w=400&h=286
395,12,https://www.lorempixel.com/7/564
893,107,https://dummyimage.com/138x468
862,27,https://www.lorempixel.com/750/833
685,60,https://placeimg.com/579/82/any
916,81,https://www.lorempixel.com/279/816
386,111,https://placeholdit.imgix.net/~text?txtsize=55&txt=888x969&w=888&h=969
598,89,https://dummyimage.com/722x174
677,7,https://www.lorempixel.com/60/814
606,96,https://placekitten.com/468/525
34,26,https://dummyimage.com/436x776
956,91,https://placekitten.com/290/442
902,72,https://placekitten.com/283/445
877,9,https://dummyimage.com/773x666
452,50,https://placeimg.com/880/184/any
323,46,https://dummyimage.com/454x455
907,12,https://dummyimage.com/683x912
881,20,https://placeimg.com/674/729/any
296,100,https://placeimg.com/679/336/any
804,50,https://placeimg.com/627/835/any
121,21,https://placekitten.com/74/914
183,115,https://placekitten.com/616/573
113,80,https://placeimg.com/938/962/any
297,67,https://dummyimage.com/749x560
911,70,https://placekitten.com/767/607
97,121,https://placekitten.com/781/555
600,27,https://dummyimage.com/653x785
350,29,https://placeimg.com/331/924/any
970,72,https://placeholdit.imgix.net/~text?txtsize=55&txt=722x531&w=722&h=531
89,71,https://placeimg.com/160/1024/any
623,38,https://placekitten.com/12/904
464,81,https://placekitten.com/176/226
549,88,https://dummyimage.com/407x159
858,21,https://placeimg.com/362/690/any
731,96,https://www.lorempixel.com/635/951
171,26,https://www.lorempixel.com/254/508
898,66,https://placeimg.com/106/572/any
100,48,https://dummyimage.com/348x143
110,122,https://placeholdit.imgix.net/~text?txtsize=55&txt=949x89&w=949&h=89
440,66,https://dummyimage.com/145x165
461,104,https://dummyimage.com/481x770
430,80,https://placeimg.com/332/767/any
680,51,https://placekitten.com/99/302
558,77,https://placeholdit.imgix.net/~text?txtsize=55&txt=307x182&w=307&h=182
928,60,https://dummyimage.com/938x834
758,23,https://placeimg.com/605/834/any
146,28,https://placekitten.com/770/1021
345,91,https://dummyimage.com/756x167
589,30,https://placeholdit.imgix.net/~text?txtsize=55&txt=474x96&w=474&h=96
544,17,https://placekitten.com/456/794
769,14,https://dummyimage.com/120x520
760,121,https://placekitten.com/918/921
186,9,https://placeimg.com/295/774/any
180,40,https://placeholdit.imgix.net/~text?txtsize=55&txt=362x144&w=362&h=144
407,19,https://placeholdit.imgix.net/~text?txtsize=55&txt=468x168&w=468&h=168
419,100,https://placeimg.com/41/896/any
139,3,https://placeimg.com/196/929/any
694,60,https://www.lorempixel.com/459/514
111,126,https://placeimg.com/17/177/any
84,4,https://dummyimage.com/364x979
708,71,https://placeimg.com/942/248/any
245,24,https://placeimg.com/21/174/any
4,66,https://placeimg.com/852/497/any
910,36,https://dummyimage.com/689x1004
784,51,https://dummyimage.com/628x719
344,94,https://dummyimage.com/484x606
190,24,https://www.lorempixel.com/938/200
890,91,https://placekitten.com/872/288
211,89,https://placeimg.com/196/715/any
783,42,https://placeimg.com/14/327/any
321,126,https://dummyimage.com/1011x12
630,18,https://placekitten.com/387/705
876,2,https://dummyimage.com/589x390
12,54,https://placeholdit.imgix.net/~text?txtsize=55&txt=243x664&w=243&h=664
705,80,https://placekitten.com/819/19
602,124,https://placekitten.com/658/644
698,61,https://www.lorempixel.com/779/616
361,112,https://placekitten.com/709/120
732,8,https://placeimg.com/922/985/any
232,90,https://placeholdit.imgix.net/~text?txtsize=55&txt=645x417&w=645&h=417
798,11,https://www.lorempixel.com/1017/582
388,41,https://www.lorempixel.com/235/544
221,56,https://www.lorempixel.com/642/306
585,100,https://placeholdit.imgix.net/~text?txtsize=55&txt=359x314&w=359&h=314
865,25,https://placekitten.com/784/901
132,125,https://www.lorempixel.com/225/804
695,47,https://placeimg.com/587/822/any
770,35,https://placeholdit.imgix.net/~text?txtsize=55&txt=558x431&w=558&h=431
545,78,https://placeholdit.imgix.net/~text?txtsize=55&txt=374x980&w=374&h=980
137,114,https://placeholdit.imgix.net/~text?txtsize=55&txt=786x196&w=786&h=196
105,91,https://placeimg.com/1019/430/any
541,21,https://www.lorempixel.com/935/359
730,101,https://placeimg.com/37/633/any
10,19,https://dummyimage.com/1003x551
434,7,https://placekitten.com/492/862
21,15,https://placeholdit.imgix.net/~text?txtsize=55&txt=120x891&w=120&h=891
777,102,https://placeimg.com/580/513/any
330,74,https://placeholdit.imgix.net/~text?txtsize=55&txt=781x750&w=781&h=750
594,65,https://placekitten.com/109/102
138,70,https://www.lorempixel.com/429/997
422,27,https://placeholdit.imgix.net/~text?txtsize=55&txt=832x285&w=832&h=285
447,49,https://dummyimage.com/811x140
614,126,https://placeholdit.imgix.net/~text?txtsize=55&txt=240x830&w=240&h=830
653,118,https://www.lorempixel.com/337/452
243,20,https://www.lorempixel.com/423/63
414,123,https://placeholdit.imgix.net/~text?txtsize=55&txt=314x251&w=314&h=251
299,113,https://placeimg.com/119/889/any
841,85,https://dummyimage.com/892x318
254,88,https://placeimg.com/250/33/any
959,115,https://placeholdit.imgix.net/~text?txtsize=55&txt=850x158&w=850&h=158
716,114,https://dummyimage.com/142x576
693,38,https://www.lorempixel.com/126/972
90,25,https://dummyimage.com/677x1005
679,75,https://placekitten.com/627/142
72,118,https://www.lorempixel.com/871/349
699,103,https://placeimg.com/388/1007/any
459,123,https://www.lorempixel.com/185/337
744,65,https://placeimg.com/682/722/any
884,61,https://placekitten.com/315/47
905,30,https://www.lorempixel.com/906/526
920,30,https://dummyimage.com/106x636
932,55,https://www.lorempixel.com/667/337
968,96,https://placekitten.com/942/361
56,80,https://dummyimage.com/484x374
947,30,https://www.lorempixel.com/436/51
969,73,https://www.lorempixel.com/797/921
867,103,https://placekitten.com/228/181
821,76,https://dummyimage.com/67x650
213,120,https://placeholdit.imgix.net/~text?txtsize=55&txt=189x164&w=189&h=164
754,42,https://placekitten.com/676/158
869,29,https://dummyimage.com/199x955
416,68,https://placekitten.com/605/992
268,86,https://placekitten.com/971/574
773,123,https://dummyimage.com/769x65
168,31,https://placeimg.com/583/667/any
652,122,https://placekitten.com/316/848
273,14,https://www.lorempixel.com/885/69
284,90,https://placekitten.com/436/180
444,10,https://placeimg.com/733/584/any
651,90,https://placeimg.com/49/366/any
38,62,https://www.lorempixel.com/383/567
673,87,https://placekitten.com/147/440
441,11,https://placekitten.com/234/60
161,12,https://placeholdit.imgix.net/~text?txtsize=55&txt=314x294&w=314&h=294
501,99,https://placekitten.com/737/456
528,40,https://dummyimage.com/531x8
300,38,https://placekitten.com/943/547
786,69,https://placeimg.com/567/463/any
713,52,https://placeholdit.imgix.net/~text?txtsize=55&txt=457x704&w=457&h=704
281,35,https://www.lorempixel.com/169/100
385,20,https://placeholdit.imgix.net/~text?txtsize=55&txt=690x624&w=690&h=624
533,38,https://www.lorempixel.com/119/904
808,30,https://www.lorempixel.com/237/44
722,30,https://www.lorempixel.com/843/103
634,108,https://placeholdit.imgix.net/~text?txtsize=55&txt=216x831&w=216&h=831
752,111,https://placekitten.com/735/250
1,33,https://placeimg.com/228/669/any
204,44,https://placeimg.com/469/439/any
523,105,https://dummyimage.com/41x1
222,1,https://placeimg.com/695/124/any
683,101,https://placekitten.com/848/509
729,102,https://placeimg.com/342/712/any
261,2,https://placeimg.com/628/429/any
359,11,https://dummyimage.com/905x269
320,78,https://www.lorempixel.com/785/948
382,116,https://placeholdit.imgix.net/~text?txtsize=55&txt=883x417&w=883&h=417
169,96,https://dummyimage.com/650x206
588,62,https://www.lorempixel.com/702/459
913,78,https://placeimg.com/697/1016/any
87,36,https://dummyimage.com/445x843
975,30,https://www.lorempixel.com/122/987
889,91,https://www.lorempixel.com/752/137
212,43,https://www.lorempixel.com/417/129
253,82,https://placeimg.com/727/133/any
435,43,https://www.lorempixel.com/10/395
564,7,https://dummyimage.com/1004x240
420,103,https://placeholdit.imgix.net/~text?txtsize=55&txt=975x382&w=975&h=382
701,100,https://www.lorempixel.com/372/382
767,125,https://dummyimage.com/834x846
971,108,https://placeimg.com/59/275/any
628,13,https://placekitten.com/96/185
16,34,https://dummyimage.com/948x671
195,35,https://placeholdit.imgix.net/~text?txtsize=55&txt=685x525&w=685&h=525
535,122,https://placekitten.com/584/74
107,48,https://placeimg.com/944/848/any
64,46,https://placeholdit.imgix.net/~text?txtsize=55&txt=905x654&w=905&h=654
428,58,https://placekitten.com/566/375
218,26,https://placeholdit.imgix.net/~text?txtsize=55&txt=317x324&w=317&h=324
448,95,https://www.lorempixel.com/196/384
476,69,https://placeimg.com/316/758/any
337,24,https://placeimg.com/478/767/any
792,83,https://www.lorempixel.com/971/536
129,105,https://www.lorempixel.com/328/506
817,98,https://dummyimage.com/840x18
418,23,https://placekitten.com/360/588
144,81,https://www.lorempixel.com/75/630
257,90,https://dummyimage.com/440x203
482,1,https://placekitten.com/454/44
233,43,https://placekitten.com/441/869
238,118,https://placeimg.com/278/324/any
403,51,https://placekitten.com/393/686
36,63,https://placeholdit.imgix.net/~text?txtsize=55&txt=65x157&w=65&h=157
485,105,https://placekitten.com/658/449
433,79,https://dummyimage.com/925x987
639,96,https://placekitten.com/704/189
379,70,https://placeimg.com/111/592/any
68,34,https://www.lorempixel.com/671/107
978,15,https://placekitten.com/275/84
400,79,https://www.lorempixel.com/827/573
131,19,https://placekitten.com/682/938
938,95,https://placeimg.com/398/218/any
334,73,https://placeholdit.imgix.net/~text?txtsize=55&txt=988x940&w=988&h=940
290,103,https://www.lorempixel.com/454/451
908,84,https://dummyimage.com/203x847
264,89,https://placekitten.com/925/610
409,52,https://placeholdit.imgix.net/~text?txtsize=55&txt=439x449&w=439&h=449
82,59,https://placekitten.com/301/993
901,43,https://placeimg.com/67/977/any
550,18,https://placekitten.com/579/21
270,107,https://www.lorempixel.com/54/695
298,73,https://placeimg.com/849/145/any
846,31,https://placekitten.com/517/1
415,117,https://dummyimage.com/795x57
981,67,https://placeimg.com/132/482/any
521,63,https://placeholdit.imgix.net/~text?txtsize=55&txt=493x429&w=493&h=429
688,85,https://www.lorempixel.com/346/614
77,15,https://placeholdit.imgix.net/~text?txtsize=55&txt=528x726&w=528&h=726
496,15,https://placekitten.com/65/531
870,41,https://www.lorempixel.com/519/693
840,31,https://www.lorempixel.com/326/556
123,119,https://www.lorempixel.com/906/216
35,94,https://placeholdit.imgix.net/~text?txtsize=55&txt=53x658&w=53&h=658
481,112,https://www.lorempixel.com/981/288
271,125,https://placekitten.com/762/645
527,25,https://placeholdit.imgix.net/~text?txtsize=55&txt=1000x476&w=1000&h=476
478,6,https://placeholdit.imgix.net/~text?txtsize=55&txt=755x866&w=755&h=866
939,60,https://placeholdit.imgix.net/~text?txtsize=55&txt=485x990&w=485&h=990
142,5,https://placeholdit.imgix.net/~text?txtsize=55&txt=466x190&w=466&h=190
631,31,https://dummyimage.com/936x635
880,25,https://placeholdit.imgix.net/~text?txtsize=55&txt=313x186&w=313&h=186
519,25,https://placekitten.com/75/747
197,78,https://placeholdit.imgix.net/~text?txtsize=55&txt=283x917&w=283&h=917
827,57,https://placeimg.com/803/395/any
762,23,https://placeimg.com/856/391/any
961,59,https://placeholdit.imgix.net/~text?txtsize=55&txt=34x594&w=34&h=594
396,117,https://dummyimage.com/257x251
645,81,https://dummyimage.com/317x554
193,78,https://placeimg.com/997/414/any
291,53,https://placeimg.com/227/331/any
66,115,https://dummyimage.com/88x813
656,113,https://dummyimage.com/62x980
887,111,https://www.lorempixel.com/736/722
318,50,https://www.lorempixel.com/69/319
484,50,https://placeimg.com/54/281/any
666,102,https://placekitten.com/162/261
410,106,https://placeholdit.imgix.net/~text?txtsize=55&txt=797x839&w=797&h=839
249,62,https://placekitten.com/703/69
830,65,https://dummyimage.com/316x215
506,24,https://dummyimage.com/112x816
593,77,https://placeimg.com/229/961/any
57,63,https://www.lorempixel.com/652/839
922,97,https://placeimg.com/830/744/any
994,50,https://placeimg.com/687/75/any
313,29,https://placeimg.com/12/337/any
366,1,https://placekitten.com/531/149
748,69,https://www.lorempixel.com/52/958
43,44,https://placeimg.com/517/138/any
984,124,https://placeholdit.imgix.net/~text?txtsize=55&txt=32x960&w=32&h=960
27,29,https://placekitten.com/856/786
51,94,https://dummyimage.com/160x65
622,62,https://placeholdit.imgix.net/~text?txtsize=55&txt=825x179&w=825&h=179
951,44,https://www.lorempixel.com/682/604
587,27,https://www.lorempixel.com/281/190
633,55,https://www.lorempixel.com/264/293
188,59,https://www.lorempixel.com/254/348
733,109,https://www.lorempixel.com/278/549
966,88,https://www.lorempixel.com/320/822
626,38,https://placeimg.com/946/797/any
955,20,https://placeholdit.imgix.net/~text?txtsize=55&txt=240x725&w=240&h=725
552,20,https://placekitten.com/456/489
871,6,https://placeholdit.imgix.net/~text?txtsize=55&txt=621x957&w=621&h=957
684,94,https://placeimg.com/779/683/any
456,4,https://dummyimage.com/73x829
160,108,https://placekitten.com/269/829
779,113,https://dummyimage.com/467x579
411,69,https://placeholdit.imgix.net/~text?txtsize=55&txt=722x817&w=722&h=817
658,22,https://dummyimage.com/602x415
387,12,https://placeimg.com/201/203/any
995,110,https://placekitten.com/65/207
117,10,https://placeholdit.imgix.net/~text?txtsize=55&txt=900x108&w=900&h=108
241,65,https://www.lorempixel.com/429/837
739,16,https://dummyimage.com/620x269
60,64,https://placekitten.com/83/640
644,93,https://www.lorempixel.com/233/449
41,125,https://placeholdit.imgix.net/~text?txtsize=55&txt=1016x891&w=1016&h=891
173,82,https://placeimg.com/242/510/any
805,2,https://dummyimage.com/44x520
335,59,https://placekitten.com/776/940
703,97,https://placeholdit.imgix.net/~text?txtsize=55&txt=451x133&w=451&h=133
438,22,https://placeholdit.imgix.net/~text?txtsize=55&txt=258x335&w=258&h=335
740,30,https://placeholdit.imgix.net/~text?txtsize=55&txt=931x446&w=931&h=446
2,87,https://www.lorempixel.com/257/342
612,83,https://placeholdit.imgix.net/~text?txtsize=55&txt=144x8&w=144&h=8
719,93,https://placeholdit.imgix.net/~text?txtsize=55&txt=623x242&w=623&h=242
471,28,https://placeimg.com/221/259/any
586,68,https://www.lorempixel.com/801/606
957,22,https://placeimg.com/808/578/any
853,116,https://placeimg.com/452/392/any
747,28,https://www.lorempixel.com/91/1007
128,107,https://dummyimage.com/310x63
62,64,https://www.lorempixel.com/231/389
37,111,https://dummyimage.com/305x757
402,13,https://www.lorempixel.com/645/199
