935,35,https://www.lorempixel.com/768/207
672,24,https://placeimg.com/186/797/any
818,71,https://placekitten.com/822/373
177,52,https://placeimg.com/976/812/any
941,25,https://dummyimage.com/402x611
667,87,https://dummyimage.com/273x292
436,14,https://placeimg.com/310/454/any
421,14,https://placeholdit.imgix.net/~text?txtsize=55&txt=2x606&w=2&h=606
83,85,https://www.lorempixel.com/876/1017
949,82,https://www.lorempixel.com/648/119
286,20,https://placeholdit.imgix.net/~text?txtsize=55&txt=415x390&w=415&h=390
50,97,https://www.lorempixel.com/663/641
982,40,https://placeholdit.imgix.net/~text?txtsize=55&txt=995x579&w=995&h=579
565,107,https://placeimg.com/403/394/any
577,123,https://www.lorempixel.com/507/202
239,71,https://placekitten.com/128/338
896,101,https://dummyimage.com/490x205
711,72,https://placeholdit.imgix.net/~text?txtsize=55&txt=225x373&w=225&h=373
592,21,https://dummyimage.com/855x10
167,55,https://placeimg.com/418/77/any
266,123,https://dummyimage.com/700x410
417,91,https://www.lorempixel.com/814/385
285,67,https://placekitten.com/733/55
23,90,https://dummyimage.com/308x510
5,39,https://placeholdit.imgix.net/~text?txtsize=55&txt=295x701&w=295&h=701
662,50,https://placeimg.com/124/722/any
283,17,https://placeimg.com/154/95/any
468,106,https://placeimg.com/243/430/any
811,95,https://www.lorempixel.com/267/984
326,16,https://www.lorempixel.com/475/699
378,33,https://placekitten.com/202/845
707,86,https://dummyimage.com/300x173
356,20,https://dummyimage.com/323x981
556,61,https://placeholdit.imgix.net/~text?txtsize=55&txt=25x452&w=25&h=452
738,24,https://placekitten.com/881/272
926,108,https://placekitten.com/808/961
937,62,https://www.lorempixel.com/416/8
58,74,https://dummyimage.com/187x976
398,65,https://placeholdit.imgix.net/~text?txtsize=55&txt=702x395&w=702&h=395
885,12,https://placekitten.com/248/1024
757,24,https://placeholdit.imgix.net/~text?txtsize=55&txt=991x31&w=991&h=31
76,48,https://placeholdit.imgix.net/~text?txtsize=55&txt=487x635&w=487&h=635
917,7,https://placeholdit.imgix.net/~text?txtsize=55&txt=525x784&w=525&h=784
28,39,https://placekitten.com/885/116
324,57,https://www.lorempixel.com/468/446
962,117,https://dummyimage.com/1020x338
155,2,https://placeholdit.imgix.net/~text?txtsize=55&txt=341x644&w=341&h=644
394,31,https://www.lorempixel.com/17/125
687,50,https://placeimg.com/589/124/any
70,18,https://dummyimage.com/447x44
341,44,https://dummyimage.com/812x270
597,35,https://placeholdit.imgix.net/~text?txtsize=55&txt=274x610&w=274&h=610
495,124,https://placekitten.com/423/139
800,69,https://www.lorempixel.com/17/574
990,124,https://placeholdit.imgix.net/~text?txtsize=55&txt=929x1014&w=929&h=1014
571,112,https://placeimg.com/5/922/any
504,116,https://placeholdit.imgix.net/~text?txtsize=55&txt=944x228&w=944&h=228
30,121,https://placeimg.com/692/615/any
202,9,https://placekitten.com/184/815
458,86,https://placeimg.com/265/504/any
393,125,https://placeholdit.imgix.net/~text?txtsize=55&txt=397x566&w=397&h=566
878,9,https://placeimg.com/574/799/any
918,82,https://placekitten.com/433/701
336,2,https://placeholdit.imgix.net/~text?txtsize=55&txt=501x216&w=501&h=216
724,21,https://placeholdit.imgix.net/~text?txtsize=55&txt=366x591&w=366&h=591
904,72,https://placeholdit.imgix.net/~text?txtsize=55&txt=956x100&w=956&h=100
491,120,https://placeimg.com/596/869/any
488,33,https://placeholdit.imgix.net/~text?txtsize=55&txt=653x112&w=653&h=112
165,108,https://placeholdit.imgix.net/~text?txtsize=55&txt=117x412&w=117&h=412
282,79,https://placeimg.com/813/544/any
563,51,https://www.lorempixel.com/569/605
217,7,https://www.lorempixel.com/67/380
931,28,https://placeimg.com/424/827/any
303,114,https://placeholdit.imgix.net/~text?txtsize=55&txt=68x153&w=68&h=153
604,125,https://placekitten.com/42/733
73,10,https://dummyimage.com/42x515
833,110,https://placeholdit.imgix.net/~text?txtsize=55&txt=910x722&w=910&h=722
322,18,https://placeholdit.imgix.net/~text?txtsize=55&txt=21x468&w=21&h=468
305,1,https://placekitten.com/8/578
423,100,https://www.lorempixel.com/728/731
948,13,https://www.lorempixel.com/961/2
697,93,https://dummyimage.com/517x784
557,97,https://placeimg.com/979/700/any
205,99,https://www.lorempixel.com/823/127
674,78,https://placeholdit.imgix.net/~text?txtsize=55&txt=516x524&w=516&h=524
443,12,https://placekitten.com/398/955
851,51,https://placeholdit.imgix.net/~text?txtsize=55&txt=387x789&w=387&h=789
412,37,https://placekitten.com/514/425
483,34,https://placeimg.com/779/279/any
85,35,https://placekitten.com/522/234
325,101,https://placekitten.com/60/818
567,9,https://www.lorempixel.com/862/801
293,10,https://www.lorempixel.com/790/522
358,40,https://dummyimage.com/814x658
493,112,https://www.lorempixel.com/300/863
943,9,https://www.lorempixel.com/250/43
327,93,https://placekitten.com/637/158
825,38,https://placeholdit.imgix.net/~text?txtsize=55&txt=566x620&w=566&h=620
513,12,https://www.lorempixel.com/120/834
22,106,https://placeholdit.imgix.net/~text?txtsize=55&txt=190x952&w=190&h=952
579,125,https://placeimg.com/333/651/any
895,101,https://placekitten.com/273/780
725,14,https://www.lorempixel.com/738/864
524,30,https://placekitten.com/424/133
45,66,https://placekitten.com/398/947
248,35,https://placeholdit.imgix.net/~text?txtsize=55&txt=822x71&w=822&h=71
813,94,https://dummyimage.com/818x751
230,97,https://placekitten.com/562/895
635,10,https://dummyimage.com/80x465
502,46,https://placeholdit.imgix.net/~text?txtsize=55&txt=860x1012&w=860&h=1012
329,50,https://dummyimage.com/734x224
475,93,https://placeimg.com/803/647/any
262,106,https://placekitten.com/373/192
362,64,https://dummyimage.com/388x210
960,121,https://dummyimage.com/388x107
834,11,https://placeholdit.imgix.net/~text?txtsize=55&txt=288x584&w=288&h=584
162,81,https://dummyimage.com/576x874
649,117,https://dummyimage.com/298x841
837,64,https://dummyimage.com/294x228
696,3,https://dummyimage.com/922x176
40,37,https://www.lorempixel.com/621/618
745,91,https://www.lorempixel.com/561/442
489,29,https://placekitten.com/408/667
280,30,https://placekitten.com/729/946
985,23,https://www.lorempixel.com/963/745
392,51,https://dummyimage.com/810x34
148,126,https://www.lorempixel.com/505/130
828,35,https://placeholdit.imgix.net/~text?txtsize=55&txt=722x479&w=722&h=479
624,118,https://dummyimage.com/1009x881
755,83,https://dummyimage.com/664x108
108,103,https://www.lorempixel.com/317/905
49,28,https://placeholdit.imgix.net/~text?txtsize=55&txt=931x387&w=931&h=387
551,39,https://placeholdit.imgix.net/~text?txtsize=55&txt=404x774&w=404&h=774
655,27,https://www.lorempixel.com/551/929
277,62,https://www.lorempixel.com/430/538
721,117,https://placekitten.com/783/530
991,18,https://placeholdit.imgix.net/~text?txtsize=55&txt=791x417&w=791&h=417
487,104,https://placeholdit.imgix.net/~text?txtsize=55&txt=999x82&w=999&h=82
537,3,https://placeholdit.imgix.net/~text?txtsize=55&txt=580x460&w=580&h=460
520,107,https://placekitten.com/566/200
814,39,https://placeholdit.imgix.net/~text?txtsize=55&txt=681x481&w=681&h=481
201,20,https://placekitten.com/311/707
86,18,https://placeholdit.imgix.net/~text?txtsize=55&txt=943x1023&w=943&h=1023
659,121,https://www.lorempixel.com/214/521
220,17,https://placeimg.com/151/577/any
891,63,https://dummyimage.com/527x991
231,4,https://placeimg.com/522/237/any
269,48,https://dummyimage.com/110x629
247,3,https://www.lorempixel.com/518/104
191,55,https://placeimg.com/383/695/any
246,15,https://placeimg.com/1019/9/any
258,56,https://dummyimage.com/348x410
206,110,https://www.lorempixel.com/574/615
629,45,https://placeholdit.imgix.net/~text?txtsize=55&txt=434x448&w=434&h=448
859,20,https://dummyimage.com/565x718
42,90,https://placeimg.com/755/525/any
408,92,https://www.lorempixel.com/45/456
127,40,https://www.lorempixel.com/889/779
793,78,https://placeimg.com/890/850/any
554,100,https://www.lorempixel.com/323/822
791,106,https://www.lorempixel.com/439/278
546,20,https://placeimg.com/504/648/any
215,39,https://www.lorempixel.com/107/415
678,83,https://placekitten.com/556/767
453,90,https://placeholdit.imgix.net/~text?txtsize=55&txt=975x858&w=975&h=858
665,75,https://placeholdit.imgix.net/~text?txtsize=55&txt=916x311&w=916&h=311
467,47,https://placeimg.com/202/696/any
648,63,https://placeimg.com/426/1004/any
560,102,https://www.lorempixel.com/489/506
176,106,https://dummyimage.com/475x448
838,14,https://placeimg.com/946/933/any
850,95,https://dummyimage.com/716x859
986,107,https://placekitten.com/439/360
216,38,https://www.lorempixel.com/218/171
431,105,https://dummyimage.com/62x306
8,78,https://placekitten.com/795/374
460,29,https://dummyimage.com/375x118
801,79,https://placeholdit.imgix.net/~text?txtsize=55&txt=923x18&w=923&h=18
737,27,https://dummyimage.com/634x8
806,54,https://placekitten.com/781/300
903,92,https://placeimg.com/197/238/any
946,86,https://dummyimage.com/684x456
996,26,https://placekitten.com/502/662
601,22,https://dummyimage.com/280x484
214,88,https://placeimg.com/885/330/any
442,31,https://dummyimage.com/548x430
529,30,https://placekitten.com/457/8
505,17,https://www.lorempixel.com/726/175
511,83,https://placeimg.com/930/967/any
118,108,https://dummyimage.com/75x218
472,94,https://placeimg.com/1013/683/any
512,119,https://placeholdit.imgix.net/~text?txtsize=55&txt=908x64&w=908&h=64
114,67,https://placekitten.com/192/885
480,62,https://placekitten.com/509/258
404,17,https://placeimg.com/919/568/any
596,84,https://placekitten.com/854/496
145,36,https://placeimg.com/866/840/any
906,22,https://www.lorempixel.com/928/1009
479,19,https://dummyimage.com/224x374
670,81,https://www.lorempixel.com/834/672
401,107,https://dummyimage.com/62x690
199,31,https://placeimg.com/989/249/any
194,96,https://placekitten.com/720/1009
787,70,https://dummyimage.com/622x433
292,63,https://placekitten.com/317/562
539,48,https://www.lorempixel.com/823/957
925,30,https://dummyimage.com/353x44
357,36,https://placeholdit.imgix.net/~text?txtsize=55&txt=314x88&w=314&h=88
714,7,https://dummyimage.com/311x235
244,79,https://placeholdit.imgix.net/~text?txtsize=55&txt=356x619&w=356&h=619
116,86,https://www.lorempixel.com/781/90
514,29,https://www.lorempixel.com/1006/122
942,102,https://dummyimage.com/439x641
454,70,https://www.lorempixel.com/682/975
936,20,https://placekitten.com/496/915
638,50,https://placeimg.com/254/318/any
636,113,https://placeholdit.imgix.net/~text?txtsize=55&txt=935x891&w=935&h=891
555,101,https://dummyimage.com/187x118
822,114,https://placeholdit.imgix.net/~text?txtsize=55&txt=84x731&w=84&h=731
17,22,https://placeimg.com/121/378/any
717,72,https://dummyimage.com/564x925
360,119,https://placekitten.com/735/520
288,54,https://www.lorempixel.com/1024/867
390,80,https://placeholdit.imgix.net/~text?txtsize=55&txt=984x978&w=984&h=978
492,57,https://placeimg.com/509/712/any
507,120,https://www.lorempixel.com/327/138
369,63,https://dummyimage.com/758x400
753,6,https://placeimg.com/217/120/any
347,13,https://placeimg.com/879/813/any
228,16,https://placekitten.com/93/813
317,104,https://placeholdit.imgix.net/~text?txtsize=55&txt=654x250&w=654&h=250
953,117,https://www.lorempixel.com/882/666
663,15,https://dummyimage.com/758x327
691,80,https://www.lorempixel.com/83/313
351,93,https://placeimg.com/772/459/any
153,76,https://placeholdit.imgix.net/~text?txtsize=55&txt=481x986&w=481&h=986
945,67,https://www.lorempixel.com/405/511
976,36,https://dummyimage.com/999x335
873,95,https://placekitten.com/357/451
590,35,https://placeimg.com/627/866/any
225,100,https://placekitten.com/968/437
184,19,https://placekitten.com/347/872
237,47,https://www.lorempixel.com/802/894
67,18,https://dummyimage.com/222x805
106,7,https://placekitten.com/9/582
847,50,https://placeholdit.imgix.net/~text?txtsize=55&txt=299x502&w=299&h=502
363,84,https://placeholdit.imgix.net/~text?txtsize=55&txt=523x82&w=523&h=82
187,2,https://placekitten.com/365/409
532,75,https://placeimg.com/939/359/any
974,111,https://www.lorempixel.com/610/69
14,76,https://placekitten.com/826/358
65,80,https://www.lorempixel.com/97/797
856,23,https://placekitten.com/241/866
675,14,https://www.lorempixel.com/59/524
462,30,https://placeimg.com/579/73/any
425,37,https://dummyimage.com/218x939
312,53,https://placekitten.com/534/805
669,52,https://placeholdit.imgix.net/~text?txtsize=55&txt=491x316&w=491&h=316
319,67,https://placekitten.com/777/556
609,21,https://dummyimage.com/885x437
125,34,https://dummyimage.com/73x454
74,112,https://placekitten.com/803/104
210,123,https://placeholdit.imgix.net/~text?txtsize=55&txt=399x320&w=399&h=320
156,114,https://www.lorempixel.com/682/901
940,6,https://dummyimage.com/186x88
751,68,https://placeholdit.imgix.net/~text?txtsize=55&txt=15x306&w=15&h=306
61,119,https://placekitten.com/90/32
618,110,https://placekitten.com/549/120
185,122,https://placeimg.com/756/397/any
31,29,https://placeholdit.imgix.net/~text?txtsize=55&txt=472x597&w=472&h=597
950,33,https://dummyimage.com/343x159
776,123,https://dummyimage.com/196x54
692,68,https://dummyimage.com/250x378
141,63,https://dummyimage.com/961x39
522,62,https://placeimg.com/33/95/any
376,103,https://placeholdit.imgix.net/~text?txtsize=55&txt=373x498&w=373&h=498
499,65,https://placeholdit.imgix.net/~text?txtsize=55&txt=393x15&w=393&h=15
849,51,https://placekitten.com/165/850
426,66,https://placeholdit.imgix.net/~text?txtsize=55&txt=919x930&w=919&h=930
746,44,https://placekitten.com/417/445
109,81,https://dummyimage.com/356x548
510,63,https://www.lorempixel.com/411/1010
353,108,https://placeimg.com/6/8/any
702,112,https://dummyimage.com/829x65
584,15,https://placekitten.com/255/297
310,42,https://placeimg.com/1004/958/any
632,122,https://placekitten.com/485/1002
346,60,https://dummyimage.com/387x697
914,28,https://dummyimage.com/194x801
574,86,https://placeholdit.imgix.net/~text?txtsize=55&txt=789x921&w=789&h=921
338,8,https://placeimg.com/393/371/any
615,88,https://placekitten.com/128/946
289,28,https://placeholdit.imgix.net/~text?txtsize=55&txt=674x867&w=674&h=867
875,72,https://placekitten.com/175/112
660,11,https://placeimg.com/885/822/any
314,104,https://placeholdit.imgix.net/~text?txtsize=55&txt=467x971&w=467&h=971
536,52,https://www.lorempixel.com/488/443
150,69,https://placekitten.com/112/874
848,5,https://placeholdit.imgix.net/~text?txtsize=55&txt=77x834&w=77&h=834
768,82,https://placeimg.com/100/396/any
855,43,https://www.lorempixel.com/902/646
794,19,https://placeimg.com/186/63/any
405,72,https://www.lorempixel.com/782/151
809,86,https://placeimg.com/253/199/any
718,70,https://placekitten.com/935/303
611,89,https://dummyimage.com/981x70
578,47,https://placekitten.com/352/17
135,50,https://placeimg.com/457/984/any
48,20,https://dummyimage.com/495x293
93,2,https://placeholdit.imgix.net/~text?txtsize=55&txt=198x291&w=198&h=291
728,31,https://www.lorempixel.com/897/169
196,107,https://placeimg.com/821/200/any
874,49,https://placeimg.com/875/90/any
965,61,https://dummyimage.com/81x70
775,121,https://www.lorempixel.com/843/49
736,16,https://www.lorempixel.com/398/924
954,25,https://dummyimage.com/191x580
437,97,https://placekitten.com/71/548
958,23,https://placekitten.com/743/559
503,25,https://placeholdit.imgix.net/~text?txtsize=55&txt=147x1002&w=147&h=1002
872,90,https://placeimg.com/146/296/any
308,92,https://dummyimage.com/504x656
133,8,https://placekitten.com/198/260
944,104,https://dummyimage.com/444x801
52,107,https://placeholdit.imgix.net/~text?txtsize=55&txt=961x486&w=961&h=486
572,23,https://placeholdit.imgix.net/~text?txtsize=55&txt=390x288&w=390&h=288
39,17,https://placekitten.com/258/343
81,38,https://www.lorempixel.com/3/464
445,71,https://www.lorempixel.com/191/159
530,29,https://placekitten.com/860/177
845,18,https://placeimg.com/859/641/any
18,45,https://www.lorempixel.com/638/1022
44,40,https://dummyimage.com/988x302
844,124,https://dummyimage.com/588x887
11,66,https://placeholdit.imgix.net/~text?txtsize=55&txt=748x193&w=748&h=193
316,126,https://dummyimage.com/1012x567
576,56,https://www.lorempixel.com/323/329
973,79,https://dummyimage.com/1020x645
620,49,https://placekitten.com/952/148
490,117,https://placeholdit.imgix.net/~text?txtsize=55&txt=293x30&w=293&h=30
807,112,https://placekitten.com/295/334
568,119,https://www.lorempixel.com/244/589
795,43,https://www.lorempixel.com/136/132
256,89,https://www.lorempixel.com/634/861
789,64,https://placeholdit.imgix.net/~text?txtsize=55&txt=496x253&w=496&h=253
750,81,https://placeimg.com/173/117/any
861,19,https://placekitten.com/96/1007
13,21,https://dummyimage.com/473x687
923,111,https://placeimg.com/480/62/any
348,50,https://placeholdit.imgix.net/~text?txtsize=55&txt=540x1008&w=540&h=1008
647,106,https://dummyimage.com/852x1002
826,78,https://placeimg.com/746/452/any
743,118,https://placekitten.com/525/29
575,9,https://dummyimage.com/337x69
227,1,https://dummyimage.com/745x322
508,26,https://placeimg.com/122/791/any
671,74,https://placekitten.com/174/299
599,83,https://placeimg.com/942/879/any
154,29,https://placeholdit.imgix.net/~text?txtsize=55&txt=43x901&w=43&h=901
429,74,https://www.lorempixel.com/399/347
339,93,https://placeimg.com/1000/498/any
723,58,https://placeimg.com/887/895/any
646,83,https://placeholdit.imgix.net/~text?txtsize=55&txt=218x626&w=218&h=626
80,59,https://dummyimage.com/366x250
59,18,https://placekitten.com/715/305
640,32,https://www.lorempixel.com/187/82
120,83,https://www.lorempixel.com/1006/92
377,14,https://placeholdit.imgix.net/~text?txtsize=55&txt=11x29&w=11&h=29
987,47,https://placekitten.com/431/798
75,102,https://placeimg.com/232/915/any
179,29,https://placeholdit.imgix.net/~text?txtsize=55&txt=766x531&w=766&h=531
591,37,https://placeimg.com/348/440/any
104,94,https://placekitten.com/800/335
54,125,https://placeimg.com/662/672/any
742,37,https://placeimg.com/599/479/any
115,90,https://dummyimage.com/922x295
372,68,https://placeholdit.imgix.net/~text?txtsize=55&txt=836x931&w=836&h=931
439,27,https://www.lorempixel.com/397/197
235,122,https://www.lorempixel.com/885/344
20,2,https://placekitten.com/543/673
15,92,https://www.lorempixel.com/921/803
473,100,https://placeimg.com/531/723/any
463,92,https://dummyimage.com/39x457
842,78,https://placeimg.com/685/791/any
516,41,https://placeimg.com/295/847/any
759,60,https://placeholdit.imgix.net/~text?txtsize=55&txt=622x948&w=622&h=948
498,91,https://placeimg.com/621/466/any
899,20,https://placekitten.com/837/891
977,15,https://placeholdit.imgix.net/~text?txtsize=55&txt=104x374&w=104&h=374
99,94,https://dummyimage.com/745x911
157,122,https://www.lorempixel.com/778/85
332,53,https://placeholdit.imgix.net/~text?txtsize=55&txt=77x521&w=77&h=521
175,69,https://placeholdit.imgix.net/~text?txtsize=55&txt=615x273&w=615&h=273
860,77,https://www.lorempixel.com/68/846
548,121,https://www.lorempixel.com/469/103
643,30,https://placekitten.com/575/596
365,110,https://placekitten.com/283/1005
900,53,https://placekitten.com/724/379
933,23,https://dummyimage.com/857x371
307,117,https://placekitten.com/228/289
610,20,https://placekitten.com/416/847
112,67,https://placeholdit.imgix.net/~text?txtsize=55&txt=10x944&w=10&h=944
988,105,https://placeimg.com/482/607/any
892,120,https://placeimg.com/65/565/any
619,51,https://www.lorempixel.com/502/904
151,3,https://dummyimage.com/364x727
888,93,https://dummyimage.com/542x274
9,126,https://dummyimage.com/365x891
778,86,https://www.lorempixel.com/549/642
989,104,https://dummyimage.com/833x597
566,110,https://dummyimage.com/915x479
690,102,https://www.lorempixel.com/365/91
166,98,https://placekitten.com/241/391
868,40,https://dummyimage.com/780x992
562,42,https://placeholdit.imgix.net/~text?txtsize=55&txt=786x912&w=786&h=912
287,113,https://placeimg.com/845/91/any
451,84,https://placeimg.com/703/171/any
525,39,https://placeholdit.imgix.net/~text?txtsize=55&txt=126x845&w=126&h=845
983,74,https://placeholdit.imgix.net/~text?txtsize=55&txt=500x786&w=500&h=786
391,46,https://dummyimage.com/382x692
275,1,https://placekitten.com/242/172
223,28,https://placeimg.com/93/326/any
657,87,https://www.lorempixel.com/676/444
242,119,https://dummyimage.com/817x50
119,93,https://placeimg.com/841/869/any
831,28,https://placekitten.com/839/709
47,29,https://placeholdit.imgix.net/~text?txtsize=55&txt=717x948&w=717&h=948
163,4,https://www.lorempixel.com/85/614
432,46,https://dummyimage.com/826x634
785,91,https://placeholdit.imgix.net/~text?txtsize=55&txt=296x432&w=296&h=432
863,45,https://www.lorempixel.com/119/995
103,52,https://placeimg.com/163/335/any
486,48,https://placekitten.com/609/451
364,113,https://www.lorempixel.com/307/931
749,44,https://dummyimage.com/32x72
864,96,https://www.lorempixel.com/813/151
182,10,https://placekitten.com/85/938
909,6,https://placeimg.com/17/891/any
368,82,https://placeimg.com/508/774/any
580,49,https://dummyimage.com/45x844
500,103,https://dummyimage.com/332x473
866,58,https://placeholdit.imgix.net/~text?txtsize=55&txt=983x639&w=983&h=639
352,65,https://placeimg.com/832/879/any
88,9,https://placeimg.com/318/945/any
781,64,https://placekitten.com/626/767
208,115,https://placeimg.com/372/286/any
19,13,https://www.lorempixel.com/36/285
715,47,https://placekitten.com/742/181
397,105,https://placeholdit.imgix.net/~text?txtsize=55&txt=684x242&w=684&h=242
465,5,https://placeimg.com/757/689/any
355,105,https://dummyimage.com/544x920
766,72,https://dummyimage.com/360x440
650,14,https://dummyimage.com/744x260
122,72,https://placeimg.com/6/133/any
570,103,https://placekitten.com/656/804
796,111,https://placeimg.com/588/768/any
726,27,https://placeholdit.imgix.net/~text?txtsize=55&txt=388x174&w=388&h=174
343,6,https://placeimg.com/216/240/any
174,125,https://dummyimage.com/855x752
130,57,https://www.lorempixel.com/617/750
374,33,https://placeholdit.imgix.net/~text?txtsize=55&txt=220x704&w=220&h=704
824,81,https://placeimg.com/193/1009/any
370,57,https://placeimg.com/790/483/any
26,70,https://placeimg.com/498/237/any
3,123,https://dummyimage.com/168x565
616,9,https://placeimg.com/810/820/any
886,14,https://dummyimage.com/763x302
94,10,https://placeholdit.imgix.net/~text?txtsize=55&txt=179x169&w=179&h=169
384,76,https://placeholdit.imgix.net/~text?txtsize=55&txt=975x44&w=975&h=44
897,76,https://placekitten.com/161/220
78,19,https://dummyimage.com/701x563
25,126,https://dummyimage.com/806x20
371,82,https://placeimg.com/609/838/any
967,13,https://placeholdit.imgix.net/~text?txtsize=55&txt=504x982&w=504&h=982
999,82,https://placeimg.com/395/587/any
843,59,https://dummyimage.com/1021x530
761,42,https://placeimg.com/397/245/any
209,74,https://placeholdit.imgix.net/~text?txtsize=55&txt=389x206&w=389&h=206
829,46,https://placeimg.com/419/458/any
664,33,https://dummyimage.com/875x986
820,64,https://placeholdit.imgix.net/~text?txtsize=55&txt=272x273&w=272&h=273
559,118,https://www.lorempixel.com/734/963
406,44,https://www.lorempixel.com/716/420
192,18,https://placeimg.com/276/865/any
181,9,https://www.lorempixel.com/202/707
915,45,https://placeholdit.imgix.net/~text?txtsize=55&txt=180x420&w=180&h=420
306,19,https://www.lorempixel.com/165/423
540,2,https://www.lorempixel.com/974/343
788,119,https://placeholdit.imgix.net/~text?txtsize=55&txt=55x779&w=55&h=779
424,6,https://www.lorempixel.com/733/136
689,88,https://dummyimage.com/9x398
207,91,https://www.lorempixel.com/300/328
367,16,https://www.lorempixel.com/94/211
637,111,https://placeholdit.imgix.net/~text?txtsize=55&txt=685x484&w=685&h=484
921,32,https://placeholdit.imgix.net/~text?txtsize=55&txt=677x740&w=677&h=740
534,50,https://placeholdit.imgix.net/~text?txtsize=55&txt=1015x622&w=1015&h=622
143,89,https://placeimg.com/882/124/any
497,63,https://placeholdit.imgix.net/~text?txtsize=55&txt=372x218&w=372&h=218
772,106,https://placeimg.com/188/521/any
272,62,https://www.lorempixel.com/616/596
710,57,https://dummyimage.com/507x102
477,64,https://placekitten.com/626/766
389,26,https://dummyimage.com/410x405
260,42,https://dummyimage.com/482x84
315,1,https://dummyimage.com/789x389
654,99,https://dummyimage.com/371x741
603,79,https://www.lorempixel.com/814/992
33,88,https://placeimg.com/279/627/any
613,121,https://dummyimage.com/273x995
124,61,https://placeholdit.imgix.net/~text?txtsize=55&txt=565x3&w=565&h=3
682,65,https://placeimg.com/115/196/any
661,113,https://www.lorempixel.com/321/980
894,104,https://dummyimage.com/665x663
782,41,https://placeimg.com/641/592/any
252,23,https://placeholdit.imgix.net/~text?txtsize=55&txt=699x219&w=699&h=219
912,112,https://placeimg.com/845/255/any
450,9,https://dummyimage.com/94x323
797,59,https://dummyimage.com/540x576
509,43,https://placekitten.com/627/654
172,125,https://placeimg.com/912/897/any
816,23,https://placeholdit.imgix.net/~text?txtsize=55&txt=901x380&w=901&h=380
836,50,https://placeimg.com/532/933/any
810,54,https://dummyimage.com/78x879
413,89,https://placekitten.com/755/532
32,109,https://www.lorempixel.com/1020/865
149,2,https://www.lorempixel.com/447/686
6,63,https://dummyimage.com/150x462
686,17,https://dummyimage.com/175x491
963,106,https://www.lorempixel.com/837/358
734,20,https://placeimg.com/679/1006/any
53,101,https://dummyimage.com/299x172
756,110,https://www.lorempixel.com/595/770
349,3,https://placeimg.com/508/468/any
229,68,https://dummyimage.com/794x852
236,35,https://placeimg.com/638/197/any
328,81,https://dummyimage.com/818x556
709,95,https://dummyimage.com/826x514
342,38,https://dummyimage.com/871x829
515,77,https://placeimg.com/168/270/any
55,111,https://www.lorempixel.com/333/998
823,4,https://placeholdit.imgix.net/~text?txtsize=55&txt=909x361&w=909&h=361
581,80,https://www.lorempixel.com/621/272
29,115,https://placeholdit.imgix.net/~text?txtsize=55&txt=599x914&w=599&h=914
676,46,https://placeholdit.imgix.net/~text?txtsize=55&txt=536x778&w=536&h=778
331,104,https://placeimg.com/525/631/any
69,82,https://www.lorempixel.com/165/293
274,94,https://placeholdit.imgix.net/~text?txtsize=55&txt=423x544&w=423&h=544
98,92,https://placeimg.com/539/795/any
803,81,https://placeholdit.imgix.net/~text?txtsize=55&txt=459x637&w=459&h=637
799,85,https://www.lorempixel.com/548/594
927,39,https://placekitten.com/157/982
774,110,https://placeholdit.imgix.net/~text?txtsize=55&txt=915x143&w=915&h=143
835,100,https://dummyimage.com/465x658
455,15,https://placeimg.com/912/940/any
720,116,https://placeimg.com/483/71/any
474,10,https://placeholdit.imgix.net/~text?txtsize=55&txt=331x242&w=331&h=242
668,23,https://dummyimage.com/401x3
140,122,https://placeholdit.imgix.net/~text?txtsize=55&txt=171x13&w=171&h=13
250,27,https://placeimg.com/883/907/any
547,50,https://placeimg.com/580/588/any
200,109,https://placeholdit.imgix.net/~text?txtsize=55&txt=459x197&w=459&h=197
224,32,https://placeholdit.imgix.net/~text?txtsize=55&txt=639x805&w=639&h=805
469,81,https://www.lorempixel.com/95/909
972,117,https://placekitten.com/45/478
980,37,https://dummyimage.com/19x520
164,75,https://placeholdit.imgix.net/~text?txtsize=55&txt=157x894&w=157&h=894
399,54,https://placeimg.com/659/1024/any
771,56,https://placeimg.com/337/963/any
63,91,https://www.lorempixel.com/176/277
681,44,https://dummyimage.com/410x407
765,103,https://placekitten.com/318/768
226,121,https://www.lorempixel.com/944/99
543,109,https://placekitten.com/820/341
735,104,https://placeimg.com/767/294/any
147,90,https://placeimg.com/316/914/any
964,88,https://placekitten.com/907/96
267,125,https://www.lorempixel.com/348/436
101,7,https://placeholdit.imgix.net/~text?txtsize=55&txt=87x996&w=87&h=996
79,83,https://placekitten.com/913/194
919,19,https://www.lorempixel.com/773/805
92,50,https://dummyimage.com/477x126
251,113,https://placeholdit.imgix.net/~text?txtsize=55&txt=426x660&w=426&h=660
309,93,https://placeholdit.imgix.net/~text?txtsize=55&txt=87x305&w=87&h=305
993,10,https://placeholdit.imgix.net/~text?txtsize=55&txt=121x538&w=121&h=538
380,44,https://www.lorempixel.com/554/272
24,31,https://placeholdit.imgix.net/~text?txtsize=55&txt=478x297&w=478&h=297
998,75,https://placekitten.com/480/605
802,31,https://www.lorempixel.com/953/49
71,28,https://www.lorempixel.com/457/114
102,35,https://placeimg.com/472/449/any
381,56,https://dummyimage.com/322x739
203,51,https://placeholdit.imgix.net/~text?txtsize=55&txt=823x836&w=823&h=836
952,84,https://www.lorempixel.com/332/733
625,17,https://dummyimage.com/761x297
279,95,https://placeimg.com/545/804/any
259,112,https://placeholdit.imgix.net/~text?txtsize=55&txt=720x630&w=720&h=630
240,84,https://placeholdit.imgix.net/~text?txtsize=55&txt=437x318&w=437&h=318
700,124,https://dummyimage.com/624x867
934,38,https://placeholdit.imgix.net/~text?txtsize=55&txt=245x413&w=245&h=413
234,32,https://placeimg.com/469/959/any
879,2,https://dummyimage.com/267x87
46,7,https://placeholdit.imgix.net/~text?txtsize=55&txt=910x188&w=910&h=188
538,18,https://placekitten.com/626/484
375,43,https://dummyimage.com/875x292
340,119,https://placekitten.com/439/326
704,46,https://placekitten.com/629/993
494,106,https://placeimg.com/800/900/any
311,79,https://placeimg.com/732/464/any
605,16,https://placeimg.com/669/833/any
882,7,https://www.lorempixel.com/853/466
383,11,https://dummyimage.com/863x134
857,45,https://dummyimage.com/568x502
727,106,https://placekitten.com/503/765
608,3,https://placeimg.com/46/909/any
302,124,https://placeimg.com/1019/729/any
95,8,https://dummyimage.com/402x878
457,30,https://placeimg.com/1017/948/any
466,64,https://placekitten.com/683/802
91,23,https://placeimg.com/70/208/any
152,21,https://placekitten.com/359/902
333,101,https://dummyimage.com/764x268
531,20,https://www.lorempixel.com/523/751
198,84,https://www.lorempixel.com/680/77
159,83,https://www.lorempixel.com/483/636
979,110,https://placeholdit.imgix.net/~text?txtsize=55&txt=671x525&w=671&h=525
373,122,https://www.lorempixel.com/477/520
582,35,https://dummyimage.com/862x25
706,18,https://placeimg.com/593/478/any
617,114,https://placeholdit.imgix.net/~text?txtsize=55&txt=888x346&w=888&h=346
583,78,https://placeimg.com/704/83/any
170,55,https://placeholdit.imgix.net/~text?txtsize=55&txt=628x521&w=628&h=521
134,42,https://placekitten.com/286/444
449,118,https://placekitten.com/752/125
815,1,https://placeholdit.imgix.net/~text?txtsize=55&txt=685x590&w=685&h=590
7,79,https://placekitten.com/227/152
642,88,https://placeimg.com/516/33/any
812,109,https://dummyimage.com/211x626
276,85,https://placeimg.com/319/27/any
641,93,https://dummyimage.com/592x216
832,68,https://placekitten.com/349/89
819,27,https://dummyimage.com/992x60
924,66,https://placekitten.com/129/615
542,92,https://dummyimage.com/272x115
621,18,https://dummyimage.com/146x360
930,83,https://placeholdit.imgix.net/~text?txtsize=55&txt=978x559&w=978&h=559
992,20,https://placeimg.com/261/633/any
561,103,https://placekitten.com/181/584
278,2,https://placeimg.com/596/696/any
295,120,https://placekitten.com/907/13
854,25,https://placekitten.com/585/21
712,95,https://placeimg.com/840/91/any
354,46,https://placeholdit.imgix.net/~text?txtsize=55&txt=437x594&w=437&h=594
595,78,https://placeholdit.imgix.net/~text?txtsize=55&txt=851x821&w=851&h=821
569,81,https://placeimg.com/675/7/any
517,58,https://www.lorempixel.com/509/250
883,19,https://placeimg.com/803/723/any
304,19,https://placeholdit.imgix.net/~text?txtsize=55&txt=202x667&w=202&h=667
553,22,https://placeimg.com/508/86/any
852,33,https://www.lorempixel.com/90/575
263,76,https://placekitten.com/392/853
627,62,https://placekitten.com/841/533
265,10,https://placeholdit.imgix.net/~text?txtsize=55&txt=532x144&w=532&h=144
136,44,https://placekitten.com/1015/749
294,105,https://placeimg.com/826/92/any
158,118,https://placeholdit.imgix.net/~text?txtsize=55&txt=21x109&w=21&h=109
780,37,https://placeholdit.imgix.net/~text?txtsize=55&txt=548x249&w=548&h=249
178,1,https://dummyimage.com/427x631
219,105,https://placekitten.com/970/1010
427,43,https://www.lorempixel.com/976/17
189,77,https://placeholdit.imgix.net/~text?txtsize=55&txt=525x595&w=525&h=595
764,94,https://placeholdit.imgix.net/~text?txtsize=55&txt=362x740&w=362&h=740
997,84,https://dummyimage.com/943x192
518,41,https://placeimg.com/1006/234/any
470,72,https://placekitten.com/992/731
126,65,https://www.lorempixel.com/34/244
607,47,https://placeimg.com/485/548/any
929,64,https://dummyimage.com/830x101
301,59,https://www.lorempixel.com/154/502
96,32,https://placeimg.com/730/595/any
255,10,https://placeimg.com/695/297/any
526,54,https://dummyimage.com/692x103
446,67,https://placeimg.com/860/508/any
763,32,https://placekitten.com/589/261
790,66,https://placekitten.com/826/774
839,45,https://placeholdit.imgix.net/~text?txtsize=55&txt=968x412&w=968&h=412
741,105,https://placeholdit.imgix.net/~text?txtsize=55&txt=371x146&w=371&h=146
573,57,https://placeholdit.imgix.net/~text?txtsize=55&txt=767x47&w=767&h=47
395,23,https://placekitten.com/904/913
893,25,https://placeholdit.imgix.net/~text?txtsize=55&txt=45x678&w=45&h=678
862,19,https://placekitten.com/319/965
685,83,https://dummyimage.com/359x577
916,44,https://placeimg.com/767/76/any
386,17,https://placeholdit.imgix.net/~text?txtsize=55&txt=599x793&w=599&h=793
598,90,https://dummyimage.com/543x1013
677,123,https://placekitten.com/647/506
606,108,https://www.lorempixel.com/17/535
34,84,https://dummyimage.com/439x109
956,20,https://placeimg.com/23/610/any
902,77,https://www.lorempixel.com/335/581
877,63,https://dummyimage.com/766x289
452,93,https://www.lorempixel.com/1000/73
323,54,https://www.lorempixel.com/299/679
907,13,https://dummyimage.com/413x8
881,121,https://placeimg.com/86/393/any
296,84,https://placeimg.com/948/585/any
804,99,https://www.lorempixel.com/787/194
121,32,https://placeholdit.imgix.net/~text?txtsize=55&txt=629x876&w=629&h=876
183,50,https://placekitten.com/264/894
113,26,https://placeholdit.imgix.net/~text?txtsize=55&txt=9x998&w=9&h=998
297,76,https://dummyimage.com/17x245
911,68,https://placeholdit.imgix.net/~text?txtsize=55&txt=837x402&w=837&h=402
97,98,https://placeimg.com/971/288/any
600,21,https://placeholdit.imgix.net/~text?txtsize=55&txt=378x866&w=378&h=866
350,77,https://dummyimage.com/269x329
970,74,https://placeholdit.imgix.net/~text?txtsize=55&txt=320x1013&w=320&h=1013
89,14,https://dummyimage.com/862x439
623,125,https://placeholdit.imgix.net/~text?txtsize=55&txt=45x640&w=45&h=640
464,104,https://www.lorempixel.com/944/282
549,90,https://www.lorempixel.com/550/780
858,66,https://placeholdit.imgix.net/~text?txtsize=55&txt=435x38&w=435&h=38
731,107,https://placeimg.com/377/875/any
171,111,https://placekitten.com/855/654
898,43,https://placekitten.com/175/315
100,13,https://placekitten.com/555/407
110,89,https://www.lorempixel.com/291/240
440,29,https://placeimg.com/706/53/any
461,82,https://placekitten.com/310/386
430,48,https://placekitten.com/382/163
680,112,https://placeimg.com/980/796/any
558,2,https://dummyimage.com/881x301
928,8,https://dummyimage.com/957x351
758,25,https://placekitten.com/819/413
146,56,https://www.lorempixel.com/502/729
345,116,https://placekitten.com/740/140
589,62,https://placeholdit.imgix.net/~text?txtsize=55&txt=569x138&w=569&h=138
544,19,https://dummyimage.com/898x57
769,76,https://www.lorempixel.com/284/897
760,63,https://dummyimage.com/13x907
186,55,https://dummyimage.com/933x479
180,8,https://www.lorempixel.com/94/20
407,11,https://www.lorempixel.com/562/647
419,94,https://dummyimage.com/370x260
139,97,https://placeholdit.imgix.net/~text?txtsize=55&txt=1011x44&w=1011&h=44
694,12,https://www.lorempixel.com/902/13
111,90,https://placekitten.com/831/54
84,112,https://www.lorempixel.com/134/247
708,99,https://placeholdit.imgix.net/~text?txtsize=55&txt=442x691&w=442&h=691
245,119,https://www.lorempixel.com/1014/734
4,62,https://placeholdit.imgix.net/~text?txtsize=55&txt=310x654&w=310&h=654
910,17,https://placeimg.com/394/146/any
784,121,https://www.lorempixel.com/922/414
344,87,https://dummyimage.com/28x219
190,107,https://placekitten.com/967/377
890,43,https://dummyimage.com/355x954
211,124,https://placekitten.com/193/464
783,35,https://www.lorempixel.com/347/377
321,83,https://dummyimage.com/453x936
630,21,https://placeholdit.imgix.net/~text?txtsize=55&txt=558x378&w=558&h=378
876,22,https://dummyimage.com/518x694
12,20,https://placekitten.com/414/665
705,105,https://placeholdit.imgix.net/~text?txtsize=55&txt=305x602&w=305&h=602
602,115,https://www.lorempixel.com/403/354
698,85,https://placekitten.com/295/664
361,15,https://placekitten.com/132/633
732,8,https://dummyimage.com/538x807
232,22,https://www.lorempixel.com/657/964
798,30,https://placekitten.com/27/652
388,42,https://placeimg.com/33/320/any
221,62,https://placeimg.com/273/746/any
585,118,https://placekitten.com/376/692
865,18,https://placeimg.com/104/504/any
132,8,https://placeimg.com/67/799/any
695,22,https://placekitten.com/755/442
770,114,https://dummyimage.com/643x1007
545,93,https://dummyimage.com/558x146
137,115,https://placeholdit.imgix.net/~text?txtsize=55&txt=412x1000&w=412&h=1000
105,125,https://www.lorempixel.com/892/1014
541,97,https://placeholdit.imgix.net/~text?txtsize=55&txt=312x356&w=312&h=356
730,57,https://dummyimage.com/1020x611
10,46,https://placekitten.com/521/177
434,104,https://www.lorempixel.com/445/611
21,81,https://placekitten.com/170/374
777,50,https://placeimg.com/39/23/any
330,49,https://placeholdit.imgix.net/~text?txtsize=55&txt=885x705&w=885&h=705
594,70,https://dummyimage.com/182x451
138,10,https://www.lorempixel.com/663/801
422,20,https://placeholdit.imgix.net/~text?txtsize=55&txt=328x173&w=328&h=173
447,110,https://placeimg.com/108/60/any
614,23,https://placeimg.com/843/498/any
653,66,https://www.lorempixel.com/166/768
243,66,https://placeholdit.imgix.net/~text?txtsize=55&txt=135x947&w=135&h=947
414,32,https://dummyimage.com/883x316
299,104,https://www.lorempixel.com/304/881
841,48,https://placeimg.com/973/875/any
254,78,https://dummyimage.com/925x697
959,51,https://www.lorempixel.com/69/485
716,87,https://dummyimage.com/315x783
693,122,https://www.lorempixel.com/164/564
90,119,https://placeholdit.imgix.net/~text?txtsize=55&txt=247x756&w=247&h=756
679,74,https://www.lorempixel.com/120/1023
72,93,https://placeholdit.imgix.net/~text?txtsize=55&txt=997x392&w=997&h=392
699,115,https://placeimg.com/359/474/any
459,83,https://placeholdit.imgix.net/~text?txtsize=55&txt=620x226&w=620&h=226
744,51,https://placeholdit.imgix.net/~text?txtsize=55&txt=505x336&w=505&h=336
884,25,https://placeimg.com/720/704/any
905,116,https://dummyimage.com/250x731
920,126,https://placekitten.com/1014/95
932,2,https://placekitten.com/232/252
968,66,https://www.lorempixel.com/87/890
56,18,https://www.lorempixel.com/535/780
947,87,https://placeimg.com/706/385/any
969,67,https://placeimg.com/25/164/any
867,98,https://placekitten.com/423/882
821,107,https://dummyimage.com/38x761
213,13,https://www.lorempixel.com/624/975
754,71,https://dummyimage.com/52x284
869,84,https://placeholdit.imgix.net/~text?txtsize=55&txt=420x759&w=420&h=759
416,39,https://placeimg.com/279/957/any
268,53,https://dummyimage.com/396x943
773,19,https://placeholdit.imgix.net/~text?txtsize=55&txt=80x463&w=80&h=463
168,60,https://www.lorempixel.com/585/672
652,51,https://dummyimage.com/814x640
273,3,https://placeimg.com/533/807/any
284,74,https://placekitten.com/165/580
444,52,https://placeholdit.imgix.net/~text?txtsize=55&txt=781x299&w=781&h=299
651,109,https://dummyimage.com/747x500
38,90,https://www.lorempixel.com/887/148
673,117,https://dummyimage.com/437x272
441,124,https://placeimg.com/504/936/any
161,49,https://placeholdit.imgix.net/~text?txtsize=55&txt=71x147&w=71&h=147
501,51,https://placekitten.com/155/24
528,9,https://placeholdit.imgix.net/~text?txtsize=55&txt=843x329&w=843&h=329
300,62,https://placekitten.com/211/123
786,17,https://placekitten.com/282/594
713,12,https://placeimg.com/46/274/any
281,41,https://placeimg.com/263/812/any
385,30,https://www.lorempixel.com/969/28
533,53,https://placeholdit.imgix.net/~text?txtsize=55&txt=990x956&w=990&h=956
808,69,https://dummyimage.com/157x228
722,21,https://www.lorempixel.com/712/595
634,8,https://placeimg.com/133/132/any
752,24,https://www.lorempixel.com/837/621
1,112,https://placeimg.com/281/593/any
204,44,https://www.lorempixel.com/180/764
523,102,https://dummyimage.com/60x102
222,73,https://placeimg.com/734/255/any
683,30,https://placeimg.com/691/492/any
729,93,https://dummyimage.com/981x863
261,65,https://dummyimage.com/472x670
359,15,https://placekitten.com/418/677
320,124,https://www.lorempixel.com/356/248
382,102,https://dummyimage.com/330x367
169,32,https://placeimg.com/320/913/any
588,11,https://placekitten.com/516/287
913,22,https://www.lorempixel.com/156/95
87,112,https://placekitten.com/754/105
975,62,https://placekitten.com/191/993
889,14,https://www.lorempixel.com/524/877
212,22,https://placeholdit.imgix.net/~text?txtsize=55&txt=979x303&w=979&h=303
253,63,https://www.lorempixel.com/430/834
435,100,https://placekitten.com/479/878
564,123,https://placeimg.com/695/802/any
420,73,https://placeholdit.imgix.net/~text?txtsize=55&txt=420x306&w=420&h=306
701,73,https://www.lorempixel.com/542/381
767,28,https://placeholdit.imgix.net/~text?txtsize=55&txt=125x877&w=125&h=877
971,52,https://www.lorempixel.com/809/108
628,30,https://dummyimage.com/790x689
16,21,https://placekitten.com/867/301
195,33,https://placeholdit.imgix.net/~text?txtsize=55&txt=294x351&w=294&h=351
535,80,https://placeholdit.imgix.net/~text?txtsize=55&txt=202x263&w=202&h=263
107,46,https://www.lorempixel.com/399/316
64,7,https://www.lorempixel.com/473/613
428,3,https://placeholdit.imgix.net/~text?txtsize=55&txt=27x560&w=27&h=560
218,59,https://placeholdit.imgix.net/~text?txtsize=55&txt=359x827&w=359&h=827
448,104,https://placekitten.com/215/758
476,29,https://placeholdit.imgix.net/~text?txtsize=55&txt=551x245&w=551&h=245
337,9,https://placekitten.com/47/847
792,100,https://placeholdit.imgix.net/~text?txtsize=55&txt=382x992&w=382&h=992
129,101,https://placeholdit.imgix.net/~text?txtsize=55&txt=1014x264&w=1014&h=264
817,68,https://www.lorempixel.com/1014/28
418,21,https://www.lorempixel.com/69/489
144,56,https://placekitten.com/587/287
257,98,https://placekitten.com/486/387
482,109,https://placeimg.com/189/959/any
233,36,https://placeholdit.imgix.net/~text?txtsize=55&txt=174x572&w=174&h=572
238,7,https://placekitten.com/750/421
403,107,https://placeholdit.imgix.net/~text?txtsize=55&txt=709x461&w=709&h=461
36,88,https://placeimg.com/959/129/any
485,59,https://dummyimage.com/732x107
433,120,https://dummyimage.com/618x797
639,21,https://placeimg.com/447/987/any
379,109,https://www.lorempixel.com/558/105
68,23,https://dummyimage.com/255x357
978,76,https://www.lorempixel.com/128/636
400,87,https://placeimg.com/802/150/any
131,57,https://placeholdit.imgix.net/~text?txtsize=55&txt=48x891&w=48&h=891
938,76,https://placekitten.com/943/274
334,59,https://dummyimage.com/771x934
290,19,https://placeholdit.imgix.net/~text?txtsize=55&txt=604x57&w=604&h=57
908,80,https://dummyimage.com/840x5
264,6,https://dummyimage.com/155x62
409,22,https://placeholdit.imgix.net/~text?txtsize=55&txt=742x409&w=742&h=409
82,85,https://www.lorempixel.com/686/78
901,73,https://placeholdit.imgix.net/~text?txtsize=55&txt=368x759&w=368&h=759
550,25,https://dummyimage.com/259x227
270,47,https://placeimg.com/883/699/any
298,58,https://placeimg.com/312/947/any
846,92,https://placeimg.com/310/675/any
415,26,https://www.lorempixel.com/114/97
981,68,https://placeimg.com/271/490/any
521,83,https://www.lorempixel.com/296/135
688,3,https://placeimg.com/250/696/any
77,65,https://placeimg.com/44/484/any
496,29,https://placeholdit.imgix.net/~text?txtsize=55&txt=229x278&w=229&h=278
870,104,https://dummyimage.com/424x454
840,20,https://placeholdit.imgix.net/~text?txtsize=55&txt=452x403&w=452&h=403
123,92,https://placekitten.com/914/79
35,60,https://placekitten.com/62/982
481,41,https://placekitten.com/530/774
271,120,https://placeholdit.imgix.net/~text?txtsize=55&txt=738x552&w=738&h=552
527,3,https://www.lorempixel.com/982/742
478,49,https://www.lorempixel.com/458/134
939,120,https://placeholdit.imgix.net/~text?txtsize=55&txt=908x827&w=908&h=827
142,1,https://placeholdit.imgix.net/~text?txtsize=55&txt=420x936&w=420&h=936
631,117,https://placekitten.com/1024/147
880,45,https://placeimg.com/517/225/any
519,53,https://placeholdit.imgix.net/~text?txtsize=55&txt=342x934&w=342&h=934
197,107,https://placeimg.com/935/313/any
827,62,https://placeimg.com/632/986/any
762,3,https://placeholdit.imgix.net/~text?txtsize=55&txt=843x562&w=843&h=562
961,26,https://placeholdit.imgix.net/~text?txtsize=55&txt=43x121&w=43&h=121
396,28,https://placekitten.com/951/22
645,103,https://dummyimage.com/362x358
193,63,https://dummyimage.com/944x894
291,83,https://www.lorempixel.com/55/575
66,89,https://placeholdit.imgix.net/~text?txtsize=55&txt=923x952&w=923&h=952
656,96,https://placeholdit.imgix.net/~text?txtsize=55&txt=609x715&w=609&h=715
887,13,https://placekitten.com/187/576
318,26,https://placekitten.com/882/682
484,47,https://dummyimage.com/978x527
666,124,https://placekitten.com/51/455
410,118,https://placekitten.com/90/530
249,5,https://placeimg.com/49/557/any
830,101,https://placekitten.com/76/968
506,91,https://placeholdit.imgix.net/~text?txtsize=55&txt=770x823&w=770&h=823
593,26,https://dummyimage.com/617x382
57,113,https://dummyimage.com/937x667
922,110,https://placeholdit.imgix.net/~text?txtsize=55&txt=780x583&w=780&h=583
994,74,https://www.lorempixel.com/931/916
313,36,https://www.lorempixel.com/133/267
366,15,https://placekitten.com/819/463
748,19,https://placeimg.com/601/421/any
43,30,https://placeholdit.imgix.net/~text?txtsize=55&txt=994x786&w=994&h=786
984,3,https://placeimg.com/410/475/any
27,42,https://placeimg.com/434/1015/any
51,64,https://www.lorempixel.com/13/637
622,73,https://placeholdit.imgix.net/~text?txtsize=55&txt=441x125&w=441&h=125
951,125,https://dummyimage.com/913x150
587,92,https://www.lorempixel.com/397/175
633,78,https://dummyimage.com/950x287
188,116,https://www.lorempixel.com/586/989
733,42,https://placeholdit.imgix.net/~text?txtsize=55&txt=877x975&w=877&h=975
966,120,https://www.lorempixel.com/309/964
626,39,https://www.lorempixel.com/567/593
955,40,https://placeholdit.imgix.net/~text?txtsize=55&txt=799x936&w=799&h=936
552,64,https://placeimg.com/898/621/any
871,24,https://dummyimage.com/325x827
684,53,https://placeholdit.imgix.net/~text?txtsize=55&txt=460x391&w=460&h=391
456,26,https://placekitten.com/24/599
160,76,https://placeholdit.imgix.net/~text?txtsize=55&txt=476x695&w=476&h=695
779,101,https://dummyimage.com/917x378
411,49,https://placekitten.com/506/770
658,43,https://www.lorempixel.com/21/105
387,69,https://www.lorempixel.com/50/67
995,16,https://www.lorempixel.com/325/850
117,66,https://placekitten.com/947/230
241,72,https://placekitten.com/975/855
739,97,https://www.lorempixel.com/637/983
60,43,https://placekitten.com/103/564
644,21,https://placeholdit.imgix.net/~text?txtsize=55&txt=923x613&w=923&h=613
41,26,https://www.lorempixel.com/418/845
173,108,https://www.lorempixel.com/791/358
805,7,https://placeimg.com/467/226/any
335,60,https://www.lorempixel.com/601/950
703,76,https://placeholdit.imgix.net/~text?txtsize=55&txt=818x260&w=818&h=260
438,124,https://placeholdit.imgix.net/~text?txtsize=55&txt=895x842&w=895&h=842
740,12,https://placeimg.com/142/705/any
2,66,https://dummyimage.com/698x417
612,91,https://www.lorempixel.com/276/542
719,26,https://placekitten.com/321/628
471,60,https://www.lorempixel.com/411/916
586,25,https://placeholdit.imgix.net/~text?txtsize=55&txt=440x491&w=440&h=491
957,98,https://placeimg.com/313/837/any
853,76,https://www.lorempixel.com/271/24
747,115,https://dummyimage.com/261x157
128,100,https://placeimg.com/505/929/any
62,11,https://dummyimage.com/6x477
37,86,https://placekitten.com/221/213
402,65,https://dummyimage.com/931x749
